{"type":"FeatureCollection","metadata":{"built":"2026-10-01","zones_source":{"url":"https://www.artm.quebec/en/fare-zones/","consulted":"2026-10-01"},"geometry_source":"Statistics Canada, 2021 Census dissemination-area boundaries, dissolved by census subdivision (municipality), simplified 150 m","population_source":"Statistics Canada, 2021 Census, 92-151-X Geographic Attribute File","jobs_source":"Statistics Canada, 2021 Census, table 98-10-0504 (workers with a usual place of work, by tract of work); outside the Montréal CMA jobs = 0.40 x population (illustrative)"},"features":[{"type":"Feature","geometry":{"type":"MultiPolygon","coordinates":[[[[-73.5185,45.497],[-73.5199,45.4957],[-73.5265,45.4986],[-73.53,45.5036],[-73.528,45.5256],[-73.5185,45.497]],[[-73.5257,45.5172],[-73.527,45.5171],[-73.5213,45.4979],[-73.5257,45.5172]],[[-73.524,45.505],[-73.5263,45.5028],[-73.5272,45.5045],[-73.5287,45.5043],[-73.5271,45.505],[-73.5256,45.5104],[-73.5261,45.5111],[-73.5262,45.5113],[-73.5271,45.5114],[-73.5286,45.5072],[-73.5288,45.5042],[-73.5245,45.4983],[-73.524,45.505]],[[-73.5276,45.5006],[-73.5263,45.4998],[-73.5261,45.5002],[-73.5276,45.5006]]],[[[-73.5478,45.4486],[-73.5554,45.4457],[-73.5611,45.4465],[-73.5559,45.4668],[-73.5383,45.4751],[-73.5319,45.4669],[-73.5392,45.4629],[-73.5478,45.4486]]],[[[-73.5315,45.4716],[-73.5314,45.4718],[-73.5313,45.4716],[-73.5315,45.4716]]],[[[-73.5297,45.4874],[-73.5298,45.4873],[-73.5298,45.4874],[-73.5297,45.4874]]],[[[-73.5297,45.4924],[-73.5298,45.4921],[-73.5301,45.4922],[-73.5297,45.4924]]],[[[-73.527,45.5112],[-73.5261,45.5111],[-73.5273,45.5051],[-73.527,45.5112]]],[[[-73.5354,45.4866],[-73.5355,45.4867],[-73.5354,45.4867],[-73.5354,45.4866]]],[[[-73.5558,45.4387],[-73.5559,45.4388],[-73.5559,45.439],[-73.5558,45.4387]]],[[[-73.687,45.4284],[-73.6917,45.43],[-73.675,45.4284],[-73.6692,45.4299],[-73.6663,45.4311],[-73.6651,45.4314],[-73.6308,45.4467],[-73.6202,45.4545],[-73.5844,45.469],[-73.566,45.4851],[-73.5523,45.4909],[-73.5505,45.4997],[-73.5498,45.4915],[-73.5479,45.5],[-73.5454,45.4948],[-73.5428,45.5079],[-73.5415,45.4921],[-73.5372,45.4852],[-73.54,45.4772],[-73.5537,45.4704],[-73.5593,45.4712],[-73.5563,45.4698],[-73.5595,45.468],[-73.5606,45.4586],[-73.5655,45.4513],[-73.5924,45.4292],[-73.5917,45.4268],[-73.5881,45.4286],[-73.5956,45.423],[-73.5919,45.4262],[-73.5938,45.4277],[-73.6025,45.4198],[-73.6111,45.4159],[-73.6334,45.4148],[-73.644,45.4165],[-73.667,45.4288],[-73.6761,45.4277],[-73.687,45.4284]],[[-73.6185,45.4243],[-73.6289,45.4205],[-73.6318,45.4159],[-73.6282,45.4203],[-73.6169,45.4245],[-73.5996,45.4361],[-73.5813,45.455],[-73.58,45.4581],[-73.5797,45.4666],[-73.5752,45.4733],[-73.5803,45.4666],[-73.5818,45.4551],[-73.6006,45.436],[-73.6185,45.4243]]],[[[-73.6732,45.4292],[-73.6751,45.429],[-73.6835,45.4307],[-73.6734,45.4293],[-73.6663,45.4311],[-73.6732,45.4292]]],[[[-73.5592,45.4413],[-73.559,45.4413],[-73.559,45.4412],[-73.5592,45.4413]]],[[[-73.5299,45.5148],[-73.5337,45.5063],[-73.5374,45.5102],[-73.5395,45.5224],[-73.5333,45.5314],[-73.5341,45.527],[-73.5299,45.5148]]],[[[-73.5765,45.4213],[-73.5842,45.4205],[-73.5866,45.4226],[-73.5845,45.4245],[-73.5804,45.4244],[-73.5731,45.4262],[-73.5711,45.4257],[-73.5765,45.4213]]],[[[-73.9015,45.4463],[-73.9061,45.4485],[-73.9254,45.4412],[-73.9371,45.4506],[-73.9363,45.4536],[-73.947,45.4577],[-73.9475,45.4586],[-73.9475,45.4592],[-73.9471,45.4597],[-73.9418,45.4613],[-73.9458,45.4625],[-73.9456,45.4645],[-73.9392,45.4666],[-73.9379,45.4716],[-73.926,45.4742],[-73.9181,45.4623],[-73.904,45.4606],[-73.8965,45.4663],[-73.8776,45.4727],[-73.8691,45.4858],[-73.8592,45.489],[-73.8544,45.4938],[-73.8549,45.4991],[-73.8591,45.5011],[-73.8558,45.5076],[-73.8459,45.5165],[-73.8297,45.517],[-73.8216,45.5137],[-73.8235,45.5133],[-73.8193,45.5126],[-73.8179,45.5133],[-73.8161,45.5154],[-73.8085,45.5162],[-73.8002,45.5148],[-73.797,45.5094],[-73.7907,45.5089],[-73.772,45.5087],[-73.7554,45.5126],[-73.7598,45.5093],[-73.7598,45.5084],[-73.7578,45.5079],[-73.7608,45.5062],[-73.7572,45.5078],[-73.7563,45.5085],[-73.7594,45.5092],[-73.7512,45.5131],[-73.7399,45.5253],[-73.723,45.5359],[-73.7168,45.5372],[-73.7169,45.5353],[-73.7159,45.535],[-73.7006,45.5466],[-73.6793,45.5487],[-73.672,45.5601],[-73.6635,45.5653],[-73.6625,45.5705],[-73.666,45.5741],[-73.6605,45.5806],[-73.6569,45.5825],[-73.6614,45.578],[-73.6619,45.5754],[-73.6612,45.575],[-73.6552,45.5819],[-73.6338,45.6192],[-73.6191,45.6314],[-73.6119,45.6339],[-73.5731,45.6606],[-73.5667,45.6613],[-73.5365,45.6764],[-73.5193,45.6958],[-73.5048,45.6997],[-73.5023,45.6971],[-73.501,45.6969],[-73.499,45.6971],[-73.4771,45.7029],[-73.4902,45.6809],[-73.492,45.6655],[-73.4864,45.6492],[-73.4871,45.6388],[-73.4919,45.6328],[-73.5207,45.6375],[-73.5447,45.6481],[-73.5676,45.6346],[-73.5362,45.62],[-73.5372,45.6159],[-73.5069,45.6107],[-73.5095,45.6008],[-73.5039,45.5877],[-73.5092,45.5758],[-73.5175,45.5691],[-73.5155,45.5675],[-73.5253,45.5572],[-73.5206,45.5604],[-73.5217,45.5576],[-73.5185,45.5587],[-73.5275,45.5465],[-73.5323,45.5445],[-73.529,45.5451],[-73.5324,45.5437],[-73.5314,45.5419],[-73.5402,45.5356],[-73.5492,45.5101],[-73.5462,45.5128],[-73.5465,45.5093],[-73.5468,45.5069],[-73.5521,45.5053],[-73.5475,45.5047],[-73.5524,45.5044],[-73.5499,45.5037],[-73.5528,45.5029],[-73.548,45.5032],[-73.5528,45.502],[-73.5531,45.4931],[-73.5663,45.4866],[-73.5638,45.4869],[-73.5685,45.4842],[-73.573,45.4805],[-73.5848,45.4697],[-73.6201,45.4551],[-73.632,45.4467],[-73.6679,45.4314],[-73.6867,45.4338],[-73.6949,45.4322],[-73.7199,45.4384],[-73.7249,45.4609],[-73.7084,45.4732],[-73.7203,45.4806],[-73.724,45.4819],[-73.7502,45.4612],[-73.7621,45.4686],[-73.7682,45.4751],[-73.7662,45.4769],[-73.7739,45.4821],[-73.7655,45.4871],[-73.7679,45.4945],[-73.7776,45.5],[-73.7829,45.4993],[-73.7863,45.5016],[-73.7841,45.5035],[-73.7899,45.5048],[-73.8102,45.4969],[-73.8194,45.5061],[-73.8378,45.4978],[-73.8352,45.4947],[-73.8506,45.4867],[-73.8459,45.4797],[-73.8573,45.4736],[-73.8546,45.4707],[-73.8672,45.4614],[-73.8661,45.46],[-73.8918,45.448],[-73.9015,45.4463]],[[-73.5498,45.5092],[-73.5506,45.5077],[-73.5465,45.5093],[-73.5498,45.5092]],[[-73.6029,45.4952],[-73.6067,45.4954],[-73.6114,45.4916],[-73.6148,45.493],[-73.6184,45.4885],[-73.6153,45.4868],[-73.6172,45.4848],[-73.6124,45.4827],[-73.6141,45.4805],[-73.5974,45.4738],[-73.5812,45.4865],[-73.6029,45.4952]],[[-73.6508,45.4889],[-73.6482,45.4918],[-73.6506,45.4928],[-73.6559,45.4862],[-73.6561,45.4792],[-73.6697,45.4836],[-73.6757,45.4831],[-73.6863,45.4548],[-73.6719,45.4526],[-73.6682,45.4566],[-73.6395,45.447],[-73.6326,45.4497],[-73.6581,45.4595],[-73.6458,45.4732],[-73.63,45.4785],[-73.6508,45.4889]],[[-73.6473,45.5306],[-73.65,45.529],[-73.6655,45.5029],[-73.6862,45.4895],[-73.6773,45.4839],[-73.6753,45.4913],[-73.6671,45.4861],[-73.6562,45.4944],[-73.663,45.4987],[-73.6598,45.5048],[-73.6518,45.5043],[-73.6456,45.5015],[-73.6365,45.5145],[-73.629,45.5141],[-73.6205,45.5235],[-73.6473,45.5306]]],[[[-73.5714,45.4263],[-73.5738,45.4264],[-73.5805,45.4247],[-73.5842,45.4251],[-73.5729,45.4269],[-73.5714,45.4263]]],[[[-73.5707,45.4304],[-73.57,45.4304],[-73.57,45.43],[-73.5707,45.4304]]],[[[-73.5771,45.4149],[-73.5768,45.4146],[-73.5775,45.4146],[-73.5771,45.4149]]],[[[-73.5321,45.5283],[-73.5321,45.526],[-73.5323,45.5262],[-73.5321,45.5283]]],[[[-73.5735,45.431],[-73.5734,45.431],[-73.5733,45.4308],[-73.5735,45.431]]],[[[-73.484,45.6492],[-73.484,45.6499],[-73.4837,45.648],[-73.4854,45.645],[-73.484,45.6492]]],[[[-73.5509,45.4997],[-73.552,45.4953],[-73.5521,45.4954],[-73.5509,45.4997]]],[[[-73.5568,45.4906],[-73.5559,45.491],[-73.5559,45.4909],[-73.5568,45.4906]]],[[[-73.5886,45.4211],[-73.589,45.4216],[-73.5867,45.4214],[-73.5868,45.4217],[-73.5859,45.4208],[-73.5886,45.4211]]],[[[-73.5896,45.4202],[-73.5898,45.4204],[-73.5886,45.4207],[-73.5896,45.4202]]],[[[-73.5886,45.4181],[-73.5887,45.4182],[-73.5884,45.4183],[-73.5886,45.4181]]],[[[-73.5873,45.4219],[-73.5872,45.4216],[-73.5873,45.4217],[-73.5873,45.4219]]],[[[-73.5887,45.4185],[-73.5891,45.4187],[-73.5888,45.4187],[-73.5887,45.4185]]],[[[-73.5874,45.4223],[-73.5872,45.4223],[-73.5872,45.4222],[-73.5874,45.4223]]],[[[-73.5935,45.4134],[-73.5955,45.4146],[-73.5904,45.4148],[-73.5935,45.4134]]],[[[-73.5831,45.4326],[-73.5832,45.4326],[-73.5831,45.4327],[-73.5831,45.4326]]],[[[-73.589,45.4195],[-73.589,45.4197],[-73.5887,45.4197],[-73.589,45.4195]]],[[[-73.5894,45.4191],[-73.5893,45.4192],[-73.5891,45.4191],[-73.5894,45.4191]]],[[[-73.5876,45.4227],[-73.5881,45.4227],[-73.5879,45.423],[-73.5876,45.4227]]],[[[-73.5902,45.4194],[-73.59,45.4195],[-73.5898,45.4193],[-73.5902,45.4194]]],[[[-73.5899,45.4214],[-73.5893,45.4213],[-73.5895,45.4211],[-73.5899,45.4214]]],[[[-73.59,45.4207],[-73.5905,45.4208],[-73.5905,45.421],[-73.59,45.4207]]],[[[-73.5905,45.4205],[-73.5906,45.4206],[-73.5903,45.4206],[-73.5905,45.4205]]],[[[-73.5906,45.4295],[-73.5892,45.4305],[-73.5888,45.4298],[-73.5906,45.4295]]],[[[-73.5897,45.4282],[-73.5899,45.4283],[-73.5894,45.4284],[-73.5897,45.4282]]],[[[-73.5891,45.4308],[-73.589,45.4309],[-73.5888,45.4309],[-73.5891,45.4308]]],[[[-73.59,45.4282],[-73.5901,45.428],[-73.5906,45.4286],[-73.59,45.4282]]],[[[-73.5918,45.4288],[-73.5917,45.4289],[-73.5906,45.4287],[-73.5918,45.4288]]],[[[-73.5913,45.4294],[-73.5909,45.4293],[-73.5912,45.4291],[-73.5913,45.4294]]],[[[-73.4771,45.7018],[-73.4772,45.7018],[-73.4767,45.7031],[-73.4771,45.7018]]],[[[-73.5978,45.4214],[-73.5969,45.4219],[-73.5992,45.4199],[-73.5978,45.4214]]],[[[-73.5918,45.4665],[-73.5918,45.4666],[-73.5903,45.4669],[-73.5918,45.4665]]],[[[-73.4976,45.6996],[-73.4999,45.6999],[-73.499,45.7023],[-73.4923,45.7026],[-73.4976,45.6996]]],[[[-73.502,45.6973],[-73.5022,45.6993],[-73.4994,45.6974],[-73.502,45.6973]]],[[[-73.6706,45.4313],[-73.6694,45.431],[-73.6713,45.4304],[-73.6706,45.4313]]],[[[-73.6837,45.4325],[-73.6711,45.4312],[-73.6749,45.4309],[-73.6837,45.4325]]],[[[-73.6007,45.6446],[-73.6092,45.6404],[-73.6071,45.6429],[-73.6025,45.6458],[-73.6034,45.6438],[-73.6007,45.6446]]],[[[-73.6083,45.638],[-73.6085,45.638],[-73.6085,45.6381],[-73.6083,45.638]]],[[[-73.6123,45.6369],[-73.6085,45.6379],[-73.6111,45.6354],[-73.6139,45.6349],[-73.6123,45.6369]]],[[[-73.611,45.6385],[-73.612,45.6389],[-73.6117,45.6389],[-73.611,45.6385]]],[[[-73.6158,45.6364],[-73.616,45.6347],[-73.6161,45.6367],[-73.612,45.6382],[-73.6158,45.6364]]],[[[-73.6156,45.6361],[-73.6147,45.6362],[-73.6149,45.6361],[-73.6156,45.6361]]],[[[-73.6543,45.5871],[-73.6564,45.5843],[-73.6563,45.5889],[-73.6543,45.5871]]],[[[-73.6969,45.5481],[-73.6959,45.5478],[-73.6988,45.547],[-73.6969,45.5481]]],[[[-73.7144,45.5383],[-73.715,45.538],[-73.715,45.5384],[-73.7144,45.5383]]],[[[-73.7538,45.5142],[-73.7568,45.5146],[-73.7553,45.5172],[-73.7521,45.5171],[-73.7538,45.5142]]],[[[-73.7548,45.5127],[-73.7542,45.5126],[-73.7544,45.5124],[-73.7548,45.5127]]],[[[-73.7572,45.5082],[-73.7574,45.5081],[-73.7576,45.5082],[-73.7572,45.5082]]],[[[-73.821,45.513],[-73.8211,45.514],[-73.8182,45.514],[-73.821,45.513]]],[[[-73.8603,45.4898],[-73.8613,45.49],[-73.8606,45.4911],[-73.8603,45.4898]]],[[[-73.8569,45.4988],[-73.8576,45.4985],[-73.8579,45.4987],[-73.8569,45.4988]]],[[[-73.8571,45.5058],[-73.8584,45.507],[-73.856,45.508],[-73.8571,45.5058]]],[[[-73.8791,45.4808],[-73.8911,45.4719],[-73.9042,45.4706],[-73.899,45.4695],[-73.9016,45.4678],[-73.9043,45.4696],[-73.914,45.4679],[-73.9126,45.4694],[-73.9174,45.4706],[-73.9178,45.4707],[-73.9253,45.4777],[-73.9443,45.4759],[-73.9424,45.4791],[-73.9384,45.4797],[-73.9436,45.4835],[-73.935,45.4933],[-73.927,45.4936],[-73.9221,45.5],[-73.914,45.5014],[-73.9114,45.5072],[-73.903,45.5103],[-73.9023,45.5172],[-73.8974,45.5161],[-73.8828,45.521],[-73.8637,45.5193],[-73.8651,45.5179],[-73.855,45.5116],[-73.8634,45.5029],[-73.8611,45.4971],[-73.8643,45.4912],[-73.8771,45.4845],[-73.8786,45.4837],[-73.8791,45.4808]]],[[[-73.8753,45.4821],[-73.8772,45.4819],[-73.8771,45.4845],[-73.8753,45.4821]]],[[[-73.8749,45.485],[-73.8753,45.4852],[-73.875,45.4852],[-73.8749,45.485]]],[[[-73.8808,45.4756],[-73.8795,45.4754],[-73.8797,45.4752],[-73.8808,45.4756]]],[[[-73.9136,45.4689],[-73.9132,45.469],[-73.9148,45.4679],[-73.9136,45.4689]]],[[[-73.9151,45.4678],[-73.9155,45.4669],[-73.9156,45.4674],[-73.9151,45.4678]]],[[[-73.9175,45.4702],[-73.9176,45.4706],[-73.9174,45.4706],[-73.9175,45.4702]]],[[[-73.9449,45.4548],[-73.9451,45.455],[-73.9448,45.455],[-73.9449,45.4548]]],[[[-73.94,45.4702],[-73.9399,45.4705],[-73.9398,45.4705],[-73.94,45.4702]]],[[[-73.9417,45.4665],[-73.943,45.466],[-73.9425,45.4664],[-73.9417,45.4665]]],[[[-73.9459,45.4603],[-73.9462,45.4602],[-73.9465,45.4606],[-73.9459,45.4603]]]]},"properties":{"csduid":"2466023","name":"Montréal","zone":"A","pop":1762949,"jobs":650565,"jobs_proxy":false,"clat":45.5326,"clon":-73.6166,"dist_cbd_km":5.15}},{"type":"Feature","geometry":{"type":"MultiPolygon","coordinates":[[[[-73.534,45.6893],[-73.5316,45.6904],[-73.5321,45.6871],[-73.5361,45.6842],[-73.534,45.6893]]],[[[-73.8516,45.5226],[-73.8733,45.5206],[-73.8857,45.5261],[-73.8784,45.5354],[-73.8816,45.5384],[-73.8786,45.5435],[-73.8813,45.5481],[-73.8781,45.5556],[-73.8832,45.5562],[-73.8814,45.5588],[-73.8785,45.5566],[-73.8762,45.5585],[-73.8689,45.5581],[-73.8582,45.5654],[-73.8503,45.5675],[-73.8493,45.5761],[-73.8297,45.5798],[-73.8309,45.5906],[-73.828,45.5932],[-73.826,45.5922],[-73.8264,45.5952],[-73.8236,45.5965],[-73.8242,45.6076],[-73.8211,45.6074],[-73.8229,45.6038],[-73.82,45.6014],[-73.8153,45.6009],[-73.8104,45.602],[-73.8108,45.6059],[-73.808,45.6064],[-73.8099,45.6084],[-73.8063,45.6058],[-73.8063,45.6078],[-73.7986,45.6073],[-73.7994,45.6108],[-73.7963,45.6127],[-73.7971,45.6087],[-73.7851,45.6197],[-73.7856,45.6312],[-73.7798,45.6315],[-73.776,45.6345],[-73.7716,45.6394],[-73.7741,45.6415],[-73.7721,45.6449],[-73.7669,45.6449],[-73.7685,45.6479],[-73.7597,45.6528],[-73.7482,45.6646],[-73.7363,45.6703],[-73.7336,45.6758],[-73.726,45.6792],[-73.7229,45.6787],[-73.7161,45.6785],[-73.696,45.6807],[-73.6854,45.6854],[-73.6718,45.6841],[-73.6625,45.6874],[-73.6577,45.6833],[-73.6481,45.689],[-73.6336,45.6877],[-73.6282,45.6885],[-73.6241,45.692],[-73.6142,45.6919],[-73.6037,45.6879],[-73.6,45.6876],[-73.557,45.6993],[-73.5379,45.6967],[-73.5292,45.6981],[-73.546,45.6872],[-73.5514,45.6775],[-73.5688,45.6686],[-73.5781,45.6615],[-73.6141,45.6464],[-73.6352,45.6312],[-73.642,45.6194],[-73.6456,45.6031],[-73.6537,45.5961],[-73.6565,45.5885],[-73.6587,45.5899],[-73.6671,45.5806],[-73.6764,45.5627],[-73.6711,45.5664],[-73.6722,45.5638],[-73.682,45.5545],[-73.6973,45.551],[-73.7287,45.5339],[-73.7382,45.5327],[-73.7487,45.5253],[-73.7525,45.5257],[-73.7555,45.5248],[-73.7586,45.5222],[-73.7554,45.5199],[-73.7673,45.5126],[-73.7866,45.5162],[-73.7964,45.5153],[-73.8103,45.5193],[-73.8218,45.5179],[-73.8286,45.5205],[-73.8429,45.52],[-73.8516,45.5226]]],[[[-73.5417,45.6801],[-73.5446,45.6796],[-73.5397,45.6849],[-73.5386,45.6819],[-73.539,45.6866],[-73.5352,45.689],[-73.5374,45.6824],[-73.5417,45.6801]]],[[[-73.5408,45.6977],[-73.5318,45.6984],[-73.5361,45.6971],[-73.5408,45.6977]]],[[[-73.5421,45.6867],[-73.5401,45.6873],[-73.5436,45.6824],[-73.5421,45.6867]]],[[[-73.5655,45.6673],[-73.5655,45.6677],[-73.5646,45.6676],[-73.5655,45.6673]]],[[[-73.5655,45.6672],[-73.565,45.6667],[-73.5652,45.6664],[-73.5655,45.6672]]],[[[-73.5693,45.6664],[-73.5703,45.6663],[-73.5682,45.6682],[-73.5693,45.6664]]],[[[-73.575,45.6619],[-73.5746,45.6619],[-73.5769,45.6607],[-73.575,45.6619]]],[[[-73.6037,45.6883],[-73.6037,45.6885],[-73.6034,45.6884],[-73.6037,45.6883]]],[[[-73.6754,45.5636],[-73.6757,45.5633],[-73.6757,45.5634],[-73.6754,45.5636]]],[[[-73.6342,45.6897],[-73.634,45.6895],[-73.6341,45.6894],[-73.6342,45.6897]]],[[[-73.6957,45.551],[-73.6951,45.551],[-73.6951,45.5506],[-73.6957,45.551]]],[[[-73.6559,45.6848],[-73.6584,45.6843],[-73.6574,45.689],[-73.6522,45.6883],[-73.6559,45.6848]]],[[[-73.6547,45.6892],[-73.6556,45.6895],[-73.655,45.6895],[-73.6547,45.6892]]],[[[-73.6569,45.6905],[-73.6562,45.6896],[-73.6572,45.69],[-73.6569,45.6905]]],[[[-73.6587,45.6906],[-73.6585,45.6877],[-73.6644,45.6887],[-73.6751,45.6851],[-73.689,45.6904],[-73.6848,45.6933],[-73.6587,45.6906]]],[[[-73.6597,45.6854],[-73.6611,45.6873],[-73.6602,45.6868],[-73.6597,45.6854]]],[[[-73.6597,45.6876],[-73.6595,45.6873],[-73.6608,45.6879],[-73.6597,45.6876]]],[[[-73.661,45.6915],[-73.6596,45.6912],[-73.6599,45.6911],[-73.661,45.6915]]],[[[-73.6642,45.688],[-73.6635,45.688],[-73.6643,45.6878],[-73.6642,45.688]]],[[[-73.6674,45.6868],[-73.6652,45.6875],[-73.6657,45.6866],[-73.6674,45.6868]]],[[[-73.6672,45.6923],[-73.6684,45.693],[-73.6677,45.693],[-73.6672,45.6923]]],[[[-73.7515,45.5206],[-73.7536,45.5236],[-73.7468,45.5256],[-73.7515,45.5206]]],[[[-73.6805,45.6939],[-73.6797,45.6938],[-73.6823,45.6933],[-73.6805,45.6939]]],[[[-73.7537,45.5207],[-73.755,45.52],[-73.7581,45.5221],[-73.7543,45.5236],[-73.7537,45.5207]]],[[[-73.6865,45.6876],[-73.687,45.6879],[-73.6862,45.6878],[-73.6865,45.6876]]],[[[-73.6875,45.6882],[-73.6903,45.6892],[-73.6879,45.6896],[-73.6875,45.6882]]],[[[-73.6982,45.681],[-73.7031,45.6812],[-73.6923,45.6876],[-73.6866,45.6867],[-73.6982,45.681]]],[[[-73.7165,45.6793],[-73.7215,45.6798],[-73.7176,45.6812],[-73.7141,45.6797],[-73.7165,45.6793]]],[[[-73.7229,45.6789],[-73.723,45.679],[-73.7222,45.679],[-73.7229,45.6789]]],[[[-73.7221,45.68],[-73.7223,45.68],[-73.7222,45.6804],[-73.7221,45.68]]],[[[-73.7228,45.6802],[-73.7228,45.6804],[-73.7227,45.6803],[-73.7228,45.6802]]],[[[-73.7476,45.6665],[-73.7474,45.666],[-73.7485,45.6656],[-73.7476,45.6665]]],[[[-73.7747,45.6398],[-73.7752,45.639],[-73.7751,45.6395],[-73.7747,45.6398]]],[[[-73.7749,45.6407],[-73.7753,45.6403],[-73.7754,45.6409],[-73.7749,45.6407]]],[[[-73.7871,45.621],[-73.7877,45.6211],[-73.7877,45.6213],[-73.7871,45.621]]],[[[-73.7909,45.6197],[-73.7901,45.6201],[-73.7927,45.6168],[-73.7909,45.6197]]],[[[-73.7966,45.6106],[-73.7964,45.6106],[-73.7965,45.6105],[-73.7966,45.6106]]],[[[-73.7993,45.6113],[-73.7998,45.6114],[-73.7997,45.6116],[-73.7993,45.6113]]],[[[-73.8018,45.6108],[-73.8013,45.6109],[-73.8014,45.6095],[-73.8018,45.6108]]],[[[-73.8013,45.6116],[-73.8012,45.6112],[-73.8021,45.6111],[-73.8013,45.6116]]],[[[-73.8055,45.6096],[-73.8061,45.6094],[-73.806,45.6097],[-73.8055,45.6096]]],[[[-73.8093,45.6098],[-73.8081,45.6097],[-73.8095,45.6091],[-73.8093,45.6098]]],[[[-73.815,45.602],[-73.8117,45.6047],[-73.8112,45.6029],[-73.815,45.602]]],[[[-73.8503,45.521],[-73.8514,45.5193],[-73.847,45.5205],[-73.8483,45.517],[-73.8527,45.5187],[-73.8566,45.5161],[-73.8618,45.5188],[-73.8611,45.5205],[-73.8503,45.521]]],[[[-73.8111,45.6059],[-73.8138,45.6057],[-73.8167,45.6036],[-73.8166,45.607],[-73.811,45.6086],[-73.8111,45.6059]]],[[[-73.8501,45.515],[-73.8511,45.5164],[-73.855,45.5147],[-73.8521,45.5177],[-73.8494,45.5164],[-73.8501,45.515]]],[[[-73.8523,45.5141],[-73.8515,45.5138],[-73.8524,45.5125],[-73.8523,45.5141]]],[[[-73.8135,45.6055],[-73.8137,45.605],[-73.8144,45.6048],[-73.8135,45.6055]]],[[[-73.8165,45.603],[-73.8167,45.6031],[-73.8165,45.6033],[-73.8165,45.603]]],[[[-73.8198,45.6048],[-73.8183,45.6052],[-73.818,45.6028],[-73.8198,45.6048]]],[[[-73.8557,45.5138],[-73.8555,45.5139],[-73.8555,45.5138],[-73.8557,45.5138]]],[[[-73.8169,45.607],[-73.8172,45.6067],[-73.8174,45.6072],[-73.8169,45.607]]],[[[-73.8172,45.6074],[-73.8175,45.6073],[-73.8172,45.6076],[-73.8172,45.6074]]],[[[-73.8205,45.607],[-73.8191,45.6069],[-73.819,45.6058],[-73.8205,45.607]]],[[[-73.8314,45.586],[-73.8311,45.586],[-73.8325,45.5838],[-73.8314,45.586]]],[[[-73.8362,45.5816],[-73.8348,45.5816],[-73.8355,45.5803],[-73.8362,45.5816]]],[[[-73.836,45.5797],[-73.8361,45.5798],[-73.8359,45.5799],[-73.836,45.5797]]],[[[-73.8362,45.5826],[-73.8358,45.5831],[-73.8353,45.5827],[-73.8362,45.5826]]],[[[-73.8537,45.5691],[-73.8542,45.5682],[-73.8545,45.5684],[-73.8537,45.5691]]],[[[-73.8592,45.5701],[-73.8595,45.5691],[-73.8599,45.5695],[-73.8592,45.5701]]],[[[-73.8816,45.5349],[-73.8803,45.5357],[-73.8804,45.5337],[-73.8816,45.5349]]],[[[-73.882,45.5334],[-73.8815,45.5328],[-73.8826,45.5327],[-73.882,45.5334]]],[[[-73.8873,45.5234],[-73.8902,45.525],[-73.8867,45.5268],[-73.8873,45.5234]]],[[[-73.8818,45.5514],[-73.8815,45.5515],[-73.8817,45.5501],[-73.8818,45.5514]]],[[[-73.8808,45.5541],[-73.8807,45.5542],[-73.8807,45.5533],[-73.8808,45.5541]]],[[[-73.8814,45.5543],[-73.8813,45.5545],[-73.881,45.5544],[-73.8814,45.5543]]],[[[-73.8832,45.5517],[-73.8835,45.5515],[-73.8838,45.552],[-73.8832,45.5517]]],[[[-73.8829,45.5547],[-73.8829,45.5549],[-73.8827,45.5547],[-73.8829,45.5547]]],[[[-73.8859,45.5547],[-73.8858,45.5545],[-73.8859,45.5543],[-73.8859,45.5547]]]]},"properties":{"csduid":"2465005","name":"Laval","zone":"B","pop":438366,"jobs":125395,"jobs_proxy":false,"clat":45.5781,"clon":-73.7456,"dist_cbd_km":16.25}},{"type":"Feature","geometry":{"type":"MultiPolygon","coordinates":[[[[-73.5242,45.5185],[-73.5269,45.5336],[-73.519,45.5351],[-73.5175,45.5406],[-73.516,45.5395],[-73.5111,45.5451],[-73.5063,45.5462],[-73.498,45.5566],[-73.4996,45.558],[-73.4999,45.5588],[-73.4973,45.5576],[-73.4868,45.5699],[-73.4881,45.5713],[-73.4863,45.5704],[-73.4708,45.585],[-73.4203,45.546],[-73.4107,45.5527],[-73.3771,45.5275],[-73.3942,45.5096],[-73.381,45.499],[-73.3771,45.4972],[-73.372,45.5078],[-73.3388,45.482],[-73.3462,45.467],[-73.3631,45.4447],[-73.3666,45.447],[-73.3737,45.4433],[-73.3756,45.442],[-73.3734,45.4384],[-73.3792,45.4379],[-73.3775,45.4366],[-73.3799,45.433],[-73.4594,45.4856],[-73.4734,45.476],[-73.5005,45.4953],[-73.4926,45.5026],[-73.498,45.5096],[-73.5242,45.5185]]],[[[-73.4793,45.5812],[-73.4871,45.5768],[-73.4902,45.5808],[-73.4937,45.5814],[-73.4947,45.5791],[-73.4955,45.579],[-73.4955,45.583],[-73.4932,45.5816],[-73.4896,45.5831],[-73.4945,45.5846],[-73.4901,45.5837],[-73.4892,45.5863],[-73.4744,45.5888],[-73.4793,45.5812]]],[[[-73.4973,45.5636],[-73.501,45.5618],[-73.4891,45.5742],[-73.4973,45.5636]]]]},"properties":{"csduid":"2458227","name":"Longueuil","zone":"B","pop":254483,"jobs":71575,"jobs_proxy":false,"clat":45.513,"clon":-73.4583,"dist_cbd_km":8.69}},{"type":"Feature","geometry":{"type":"MultiPolygon","coordinates":[[[[-73.7834,45.6803],[-73.8465,45.7218],[-73.8017,45.7195],[-73.7975,45.7164],[-73.7939,45.7174],[-73.7648,45.7128],[-73.7557,45.7171],[-73.7589,45.7285],[-73.7509,45.7328],[-73.7451,45.7327],[-73.7505,45.7501],[-73.7307,45.7543],[-73.824,45.8169],[-73.8068,45.8208],[-73.7973,45.8268],[-73.7804,45.8157],[-73.7766,45.8098],[-73.7706,45.8099],[-73.769,45.8166],[-73.7554,45.8134],[-73.7556,45.8108],[-73.7483,45.81],[-73.7419,45.806],[-73.6985,45.8045],[-73.7009,45.7974],[-73.6873,45.7948],[-73.7011,45.7686],[-73.6904,45.765],[-73.6995,45.747],[-73.6692,45.7268],[-73.5832,45.7161],[-73.5771,45.7204],[-73.5639,45.7217],[-73.5618,45.7282],[-73.5565,45.7275],[-73.5552,45.7546],[-73.5295,45.7542],[-73.5201,45.749],[-73.5157,45.7434],[-73.5019,45.7365],[-73.4973,45.7215],[-73.4884,45.7176],[-73.4876,45.7139],[-73.4922,45.7128],[-73.509,45.7047],[-73.5414,45.6999],[-73.5581,45.7014],[-73.5989,45.6909],[-73.6086,45.6921],[-73.6125,45.6949],[-73.6322,45.6904],[-73.6418,45.6973],[-73.6458,45.6981],[-73.6488,45.6979],[-73.652,45.6965],[-73.6588,45.6919],[-73.6872,45.6945],[-73.6933,45.6926],[-73.6919,45.6917],[-73.6958,45.6904],[-73.6982,45.6855],[-73.7031,45.6833],[-73.7116,45.6809],[-73.7186,45.683],[-73.7276,45.6824],[-73.7408,45.6758],[-73.7464,45.67],[-73.7566,45.6807],[-73.7582,45.6798],[-73.7671,45.6858],[-73.7723,45.6818],[-73.7776,45.6856],[-73.7834,45.6803]]],[[[-73.4965,45.7093],[-73.498,45.7087],[-73.4976,45.7093],[-73.4951,45.7107],[-73.4965,45.7093]]],[[[-73.6133,45.6933],[-73.6133,45.6931],[-73.6138,45.6929],[-73.6133,45.6933]]],[[[-73.6376,45.6922],[-73.6407,45.6932],[-73.6415,45.6952],[-73.6376,45.6922]]],[[[-73.6568,45.6913],[-73.6505,45.6958],[-73.6454,45.6966],[-73.6437,45.6936],[-73.6397,45.691],[-73.6503,45.6888],[-73.6568,45.6913]]],[[[-73.6414,45.6923],[-73.6416,45.6924],[-73.6415,45.6925],[-73.6414,45.6923]]],[[[-73.6407,45.6949],[-73.6405,45.6949],[-73.6406,45.6948],[-73.6407,45.6949]]],[[[-73.642,45.6935],[-73.6418,45.693],[-73.6421,45.6931],[-73.6424,45.6936],[-73.642,45.6935]]],[[[-73.6432,45.6943],[-73.6423,45.6932],[-73.6431,45.6936],[-73.6432,45.6943]]],[[[-73.6422,45.696],[-73.6424,45.6956],[-73.6425,45.6958],[-73.6422,45.696]]],[[[-73.6428,45.6965],[-73.6427,45.6966],[-73.6427,45.6964],[-73.6428,45.6965]]],[[[-73.6434,45.6965],[-73.6437,45.6966],[-73.6431,45.6968],[-73.6434,45.6965]]],[[[-73.6446,45.6975],[-73.6446,45.6976],[-73.6444,45.6976],[-73.6446,45.6975]]],[[[-73.6505,45.6967],[-73.6507,45.6967],[-73.6503,45.697],[-73.6505,45.6967]]],[[[-73.6947,45.6893],[-73.6955,45.6903],[-73.693,45.6913],[-73.6947,45.6893]]],[[[-73.723,45.6817],[-73.7223,45.6813],[-73.7235,45.681],[-73.723,45.6817]]],[[[-73.7404,45.6753],[-73.7387,45.6757],[-73.7395,45.6737],[-73.7419,45.6731],[-73.7404,45.6753]]],[[[-73.7406,45.6731],[-73.7401,45.6732],[-73.7404,45.6722],[-73.7406,45.6731]]]]},"properties":{"csduid":"2464008","name":"Terrebonne","zone":"C","pop":119944,"jobs":32630,"jobs_proxy":false,"clat":45.7189,"clon":-73.6652,"dist_cbd_km":25.38}},{"type":"Feature","geometry":{"type":"MultiPolygon","coordinates":[[[[-73.4963,45.466],[-73.5046,45.4777],[-73.4722,45.4761],[-73.4594,45.4856],[-73.3764,45.4289],[-73.3779,45.4275],[-73.3836,45.4298],[-73.387,45.4276],[-73.3808,45.4226],[-73.3867,45.4132],[-73.4384,45.417],[-73.4379,45.4219],[-73.464,45.4217],[-73.479,45.4304],[-73.4929,45.4323],[-73.4963,45.466]]],[[[-73.4984,45.433],[-73.4982,45.4327],[-73.5,45.4333],[-73.4985,45.4349],[-73.4984,45.433]]],[[[-73.504,45.4629],[-73.5115,45.4779],[-73.5034,45.4638],[-73.5022,45.4343],[-73.504,45.4629]]],[[[-73.5005,45.4451],[-73.5004,45.4452],[-73.4993,45.4445],[-73.5004,45.4432],[-73.5005,45.4451]]],[[[-73.5011,45.4555],[-73.5011,45.4561],[-73.5003,45.4538],[-73.5011,45.4555]]],[[[-73.503,45.4679],[-73.5042,45.4703],[-73.5026,45.4677],[-73.5018,45.4649],[-73.503,45.4679]]],[[[-73.5038,45.4709],[-73.5088,45.4778],[-73.5066,45.4762],[-73.5038,45.4709]]]]},"properties":{"csduid":"2458007","name":"Brossard","zone":"B","pop":91525,"jobs":24270,"jobs_proxy":false,"clat":45.456,"clon":-73.4644,"dist_cbd_km":9.52}},{"type":"Feature","geometry":{"type":"MultiPolygon","coordinates":[[[[-73.5157,45.7434],[-73.5201,45.749],[-73.5295,45.7542],[-73.5242,45.814],[-73.5158,45.8135],[-73.5132,45.8109],[-73.5098,45.8128],[-73.5113,45.8147],[-73.5083,45.8194],[-73.4941,45.8106],[-73.4499,45.774],[-73.4505,45.7823],[-73.4421,45.7855],[-73.4391,45.7892],[-73.4245,45.7833],[-73.4256,45.7919],[-73.4208,45.7935],[-73.424,45.795],[-73.4216,45.7977],[-73.3992,45.7834],[-73.4114,45.7715],[-73.4083,45.7728],[-73.409,45.7716],[-73.414,45.7676],[-73.4147,45.769],[-73.4153,45.7679],[-73.4129,45.7669],[-73.4171,45.7663],[-73.4347,45.744],[-73.446,45.7372],[-73.438,45.7416],[-73.4386,45.7394],[-73.4502,45.7316],[-73.4734,45.7124],[-73.4813,45.7146],[-73.4822,45.7255],[-73.4858,45.7304],[-73.5157,45.7434]]],[[[-73.4287,45.74],[-73.428,45.7401],[-73.4293,45.7382],[-73.4287,45.74]]],[[[-73.4304,45.7371],[-73.4297,45.7375],[-73.431,45.7357],[-73.4304,45.7371]]],[[[-73.4476,45.7256],[-73.4449,45.7263],[-73.45,45.7191],[-73.4538,45.7186],[-73.4476,45.7256]]],[[[-73.4454,45.7227],[-73.4457,45.7226],[-73.4457,45.7227],[-73.4454,45.7227]]],[[[-73.4436,45.7301],[-73.4429,45.7301],[-73.4435,45.7294],[-73.4436,45.7301]]],[[[-73.4429,45.7357],[-73.4424,45.7357],[-73.4426,45.7353],[-73.4429,45.7357]]],[[[-73.4487,45.7253],[-73.45,45.7238],[-73.4499,45.7244],[-73.4487,45.7253]]],[[[-73.4628,45.711],[-73.4591,45.7148],[-73.4535,45.7168],[-73.4555,45.7124],[-73.4628,45.711]]],[[[-73.4518,45.7234],[-73.4501,45.7246],[-73.4529,45.7214],[-73.4518,45.7234]]],[[[-73.4611,45.7047],[-73.473,45.7018],[-73.4685,45.7078],[-73.4596,45.7081],[-73.4611,45.7047]]],[[[-73.4617,45.7041],[-73.4619,45.7044],[-73.4618,45.7044],[-73.4617,45.7041]]],[[[-73.4636,45.7141],[-73.4608,45.7149],[-73.4608,45.7143],[-73.4648,45.7114],[-73.4636,45.7141]]],[[[-73.4598,45.7196],[-73.4589,45.7199],[-73.4599,45.719],[-73.4598,45.7196]]],[[[-73.4786,45.7105],[-73.4857,45.705],[-73.4951,45.7069],[-73.4902,45.7103],[-73.4813,45.7118],[-73.4786,45.7105]]],[[[-73.4801,45.7122],[-73.481,45.712],[-73.4812,45.7126],[-73.4801,45.7122]]],[[[-73.491,45.7035],[-73.4912,45.704],[-73.4907,45.7042],[-73.491,45.7035]]]]},"properties":{"csduid":"2460013","name":"Repentigny","zone":"C","pop":86100,"jobs":19405,"jobs_proxy":false,"clat":45.7594,"clon":-73.4497,"dist_cbd_km":30.19}},{"type":"Feature","geometry":{"type":"Polygon","coordinates":[[[-74.0392,45.7637],[-74.1201,45.7808],[-74.1044,45.7834],[-74.1036,45.7851],[-74.105,45.7896],[-74.1186,45.8035],[-74.1117,45.8055],[-74.1145,45.8099],[-74.142,45.8193],[-74.1261,45.8314],[-74.1229,45.8296],[-74.1081,45.8313],[-74.1057,45.828],[-74.0912,45.8307],[-74.0942,45.8364],[-74.0931,45.8394],[-74.0888,45.8399],[-74.0907,45.8471],[-74.0677,45.8505],[-74.0639,45.8453],[-74.0649,45.838],[-74.0499,45.8177],[-74.0269,45.8203],[-74.0243,45.818],[-74.0207,45.8245],[-74.0314,45.825],[-74.0337,45.8285],[-74.0298,45.8292],[-74.0305,45.8314],[-74.0383,45.8371],[-74.0231,45.8408],[-73.9476,45.7894],[-73.9726,45.7682],[-73.9685,45.7655],[-73.9765,45.7643],[-73.9682,45.7587],[-73.9817,45.7457],[-73.998,45.7552],[-74.0011,45.7487],[-74.015,45.7533],[-74.0295,45.7434],[-74.0521,45.7578],[-74.0392,45.7637]]]},"properties":{"csduid":"2475017","name":"Saint-Jérôme","zone":"C","pop":80213,"jobs":33230,"jobs_proxy":false,"clat":45.787,"clon":-74.0136,"dist_cbd_km":47.01}},{"type":"Feature","geometry":{"type":"Polygon","coordinates":[[[-74.0352,45.5682],[-74.0451,45.5609],[-74.049,45.5624],[-74.084,45.539],[-74.0675,45.5265],[-74.074,45.5219],[-74.0912,45.5346],[-74.121,45.5147],[-74.1364,45.5262],[-74.1232,45.535],[-74.1451,45.5512],[-74.1484,45.5489],[-74.1912,45.5793],[-74.2381,45.5487],[-74.2414,45.5493],[-74.2228,45.626],[-74.2675,45.6323],[-74.263,45.6494],[-74.2454,45.6469],[-74.2494,45.6642],[-74.2531,45.6652],[-74.2656,45.6817],[-74.2538,45.6882],[-74.2491,45.6833],[-74.2401,45.6871],[-74.2419,45.6963],[-74.2352,45.6969],[-74.2263,45.6873],[-74.2235,45.6994],[-74.2118,45.7005],[-74.2146,45.6868],[-74.2084,45.687],[-74.2121,45.6704],[-74.2023,45.6766],[-74.2064,45.6823],[-74.1979,45.6813],[-74.1985,45.6846],[-74.1929,45.6878],[-74.1861,45.6848],[-74.1855,45.6888],[-74.1812,45.6909],[-74.1663,45.6886],[-74.1333,45.7002],[-74.1292,45.7005],[-74.1282,45.6976],[-74.1226,45.6999],[-74.1135,45.7],[-74.0924,45.7114],[-74.0904,45.7181],[-74.0851,45.7227],[-74.0657,45.7324],[-74.0575,45.7312],[-74.057,45.7371],[-74.0736,45.7482],[-74.0521,45.7578],[-74.0295,45.7434],[-74.015,45.7533],[-74.0011,45.7487],[-73.998,45.7552],[-73.9817,45.7457],[-73.9682,45.7587],[-73.9765,45.7643],[-73.9685,45.7655],[-73.9726,45.7682],[-73.9476,45.7894],[-73.85,45.7241],[-73.8748,45.7194],[-73.876,45.7167],[-73.8859,45.7138],[-73.8909,45.7144],[-73.8919,45.7109],[-73.8948,45.711],[-73.9158,45.6965],[-73.9132,45.6948],[-73.9257,45.6853],[-73.8639,45.6437],[-73.867,45.6425],[-73.8774,45.6494],[-73.8814,45.6492],[-73.8721,45.6418],[-73.8802,45.6386],[-73.8857,45.6385],[-73.8892,45.6409],[-73.8956,45.639],[-73.8931,45.6376],[-73.9171,45.6337],[-73.9304,45.6402],[-73.8969,45.6174],[-73.8959,45.6065],[-73.9003,45.6071],[-73.9007,45.6103],[-73.9052,45.6129],[-73.9166,45.6058],[-73.9329,45.6166],[-73.9329,45.6199],[-73.9441,45.6187],[-73.9443,45.6217],[-73.9512,45.6165],[-73.9506,45.6024],[-73.9529,45.6054],[-73.9596,45.6062],[-73.981,45.602],[-73.9828,45.5999],[-73.978,45.5815],[-73.9878,45.5722],[-73.9919,45.5772],[-73.9988,45.5761],[-73.9987,45.578],[-74.0034,45.5773],[-74.0039,45.579],[-74.0111,45.5797],[-74.0096,45.577],[-74.0122,45.576],[-74.0204,45.5775],[-74.0263,45.5676],[-74.0352,45.5682]]]},"properties":{"csduid":"2474005","name":"Mirabel","zone":"C","pop":61108,"jobs":20220,"jobs_proxy":false,"clat":45.676,"clon":-73.9927,"dist_cbd_km":38.33}},{"type":"Feature","geometry":{"type":"Polygon","coordinates":[[[-73.9257,45.6853],[-73.9132,45.6948],[-73.9158,45.6965],[-73.8948,45.711],[-73.8919,45.7109],[-73.8909,45.7144],[-73.8809,45.7151],[-73.8748,45.7194],[-73.853,45.7247],[-73.7889,45.684],[-73.8074,45.6698],[-73.7964,45.6624],[-73.8025,45.6586],[-73.7906,45.651],[-73.7958,45.6512],[-73.7986,45.649],[-73.8004,45.651],[-73.8056,45.6502],[-73.813,45.6429],[-73.8403,45.6611],[-73.8426,45.6593],[-73.8338,45.6536],[-73.8382,45.6506],[-73.8403,45.6518],[-73.8452,45.6471],[-73.8699,45.6631],[-73.8807,45.6552],[-73.9257,45.6853]]]},"properties":{"csduid":"2473015","name":"Blainville","zone":"C","pop":59819,"jobs":14670,"jobs_proxy":false,"clat":45.6737,"clon":-73.8636,"dist_cbd_km":29.95}},{"type":"Feature","geometry":{"type":"Polygon","coordinates":[[[-72.9792,45.5611],[-73.0032,45.5632],[-73.0055,45.5684],[-73.0015,45.5698],[-72.9979,45.5909],[-72.9915,45.5978],[-72.9978,45.5996],[-72.9978,45.6014],[-73.0484,45.6001],[-73.0448,45.6318],[-73.0332,45.6322],[-73.0331,45.6379],[-73.0251,45.6519],[-73.0223,45.6694],[-73.0077,45.6902],[-73.0032,45.7],[-73.0038,45.7074],[-72.9962,45.7176],[-72.9552,45.6871],[-72.9382,45.6981],[-72.92,45.6846],[-72.9181,45.6868],[-72.9245,45.6894],[-72.9254,45.693],[-72.9145,45.7025],[-72.915,45.7064],[-72.9099,45.7142],[-72.8241,45.6547],[-72.8597,45.5942],[-72.8684,45.599],[-72.9361,45.5568],[-72.9588,45.5716],[-72.9699,45.5602],[-72.9834,45.5701],[-72.9792,45.5611]]]},"properties":{"csduid":"2454048","name":"Saint-Hyacinthe","zone":"D","pop":57239,"jobs":22896,"jobs_proxy":true,"clat":45.6263,"clon":-72.9493,"dist_cbd_km":50.17}},{"type":"Feature","geometry":{"type":"Polygon","coordinates":[[[-73.6692,45.7268],[-73.6995,45.747],[-73.6904,45.765],[-73.7011,45.7686],[-73.6873,45.7948],[-73.6705,45.7867],[-73.6515,45.7985],[-73.6512,45.8057],[-73.6449,45.8142],[-73.6183,45.7964],[-73.5945,45.8133],[-73.5913,45.8122],[-73.5909,45.8171],[-73.5804,45.8161],[-73.5786,45.8213],[-73.5495,45.8163],[-73.5505,45.7934],[-73.5261,45.7937],[-73.5261,45.7774],[-73.5295,45.7542],[-73.5552,45.7546],[-73.5565,45.7275],[-73.5618,45.7282],[-73.5639,45.7217],[-73.5771,45.7204],[-73.5832,45.7161],[-73.6692,45.7268]]]},"properties":{"csduid":"2464015","name":"Mascouche","zone":"C","pop":51183,"jobs":8900,"jobs_proxy":false,"clat":45.744,"clon":-73.6241,"dist_cbd_km":27.38}},{"type":"Feature","geometry":{"type":"MultiPolygon","coordinates":[[[[-73.7638,45.3286],[-73.77,45.3268],[-73.7745,45.3224],[-73.7918,45.3184],[-73.7984,45.3038],[-73.8143,45.3159],[-73.8093,45.3153],[-73.8084,45.3222],[-73.8015,45.3293],[-73.7964,45.3299],[-73.793,45.3371],[-73.7869,45.3359],[-73.7813,45.3427],[-73.784,45.3441],[-73.7747,45.3487],[-73.7758,45.3539],[-73.7694,45.3571],[-73.7737,45.3632],[-73.7699,45.368],[-73.7724,45.3706],[-73.7697,45.3707],[-73.7649,45.3688],[-73.7627,45.3687],[-73.7687,45.3708],[-73.7762,45.3719],[-73.7759,45.3763],[-73.7696,45.3799],[-73.7684,45.3828],[-73.7724,45.3852],[-73.767,45.39],[-73.7645,45.397],[-73.7554,45.4022],[-73.7537,45.4013],[-73.7535,45.4007],[-73.7546,45.4011],[-73.7558,45.3987],[-73.7525,45.3998],[-73.6758,45.3434],[-73.6766,45.342],[-73.6836,45.344],[-73.6878,45.3367],[-73.705,45.3416],[-73.7505,45.3462],[-73.7638,45.3286]]],[[[-73.7753,45.3713],[-73.7755,45.3713],[-73.7754,45.3714],[-73.7753,45.3713]]],[[[-73.7816,45.4074],[-73.7816,45.4072],[-73.7819,45.4072],[-73.7816,45.4074]]],[[[-73.7966,45.3966],[-73.7967,45.3964],[-73.7969,45.3965],[-73.7966,45.3966]]]]},"properties":{"csduid":"2467050","name":"Châteauguay","zone":"C","pop":50815,"jobs":13755,"jobs_proxy":false,"clat":45.3603,"clon":-73.7352,"dist_cbd_km":20.34}},{"type":"Feature","geometry":{"type":"Polygon","coordinates":[[[-73.8459,45.4797],[-73.8506,45.4867],[-73.8352,45.4947],[-73.8378,45.4978],[-73.8194,45.5061],[-73.8102,45.4969],[-73.7899,45.5048],[-73.7841,45.5035],[-73.7863,45.5016],[-73.7829,45.4993],[-73.7776,45.5],[-73.7679,45.4945],[-73.813,45.4755],[-73.8156,45.4783],[-73.8464,45.4625],[-73.8569,45.4739],[-73.8459,45.4797]]]},"properties":{"csduid":"2466142","name":"Dollard-des-Ormeaux","zone":"A","pop":48403,"jobs":8905,"jobs_proxy":false,"clat":45.4876,"clon":-73.818,"dist_cbd_km":19.51}},{"type":"Feature","geometry":{"type":"MultiPolygon","coordinates":[[[[-73.9177,45.5488],[-73.9212,45.5443],[-73.9257,45.5432],[-73.9334,45.5449],[-73.9341,45.5424],[-73.9598,45.5384],[-73.9716,45.5382],[-73.9744,45.5399],[-73.9732,45.5339],[-74.0188,45.5669],[-74.0258,45.5675],[-74.0204,45.5775],[-74.0122,45.576],[-74.0096,45.577],[-74.0111,45.5797],[-74.0039,45.579],[-74.0034,45.5773],[-73.9987,45.578],[-73.9988,45.5761],[-73.9919,45.5772],[-73.9878,45.5722],[-73.978,45.5815],[-73.9828,45.5999],[-73.981,45.602],[-73.9596,45.6062],[-73.9529,45.6054],[-73.9506,45.6024],[-73.9512,45.6165],[-73.9443,45.6217],[-73.9441,45.6187],[-73.9329,45.6199],[-73.9329,45.6166],[-73.9166,45.6058],[-73.9052,45.6129],[-73.9007,45.6103],[-73.9003,45.6071],[-73.8959,45.6065],[-73.8969,45.6174],[-73.8797,45.6063],[-73.8798,45.6017],[-73.8738,45.5976],[-73.8695,45.5992],[-73.8496,45.5877],[-73.8478,45.5892],[-73.8408,45.583],[-73.8562,45.5813],[-73.8565,45.5754],[-73.8641,45.5727],[-73.8675,45.5701],[-73.8661,45.5686],[-73.8847,45.5623],[-73.8907,45.5484],[-73.9009,45.5559],[-73.9051,45.5544],[-73.9007,45.5511],[-73.9029,45.5504],[-73.912,45.5571],[-73.9202,45.559],[-73.9177,45.5488]]],[[[-73.846,45.5799],[-73.8437,45.5807],[-73.8436,45.5798],[-73.8473,45.5787],[-73.846,45.5799]]],[[[-73.8479,45.5791],[-73.8487,45.5805],[-73.8465,45.5805],[-73.8479,45.5791]]],[[[-73.8531,45.5775],[-73.8502,45.5801],[-73.8501,45.5781],[-73.8511,45.5763],[-73.8531,45.5775]]],[[[-73.8518,45.5801],[-73.8521,45.5804],[-73.8517,45.5809],[-73.8518,45.5801]]],[[[-73.8523,45.5795],[-73.8542,45.5777],[-73.8551,45.58],[-73.8523,45.5795]]],[[[-73.8859,45.5547],[-73.8863,45.5541],[-73.8867,45.5542],[-73.8859,45.5547]]]]},"properties":{"csduid":"2472005","name":"Saint-Eustache","zone":"C","pop":45276,"jobs":18420,"jobs_proxy":false,"clat":45.5718,"clon":-73.9005,"dist_cbd_km":27.04}},{"type":"Feature","geometry":{"type":"MultiPolygon","coordinates":[[[[-74.0957,45.3716],[-74.0847,45.3775],[-74.0863,45.3788],[-74.078,45.3762],[-74.072,45.3785],[-74.0843,45.3912],[-74.0816,45.3927],[-74.107,45.4144],[-74.1044,45.4157],[-74.1119,45.4228],[-74.1203,45.4181],[-74.1338,45.43],[-74.1364,45.4287],[-74.146,45.4362],[-74.155,45.4393],[-74.1537,45.4423],[-74.1586,45.4439],[-74.149,45.4438],[-74.1423,45.4472],[-74.1247,45.4355],[-74.1084,45.4302],[-74.0949,45.4313],[-74.0742,45.442],[-74.0672,45.4422],[-74.07,45.4362],[-74.0602,45.4247],[-74.043,45.4157],[-74.0408,45.4193],[-74.0332,45.4116],[-74.024,45.4248],[-74.0183,45.4217],[-74.0133,45.4251],[-74.01,45.4235],[-74.0143,45.4216],[-74.0106,45.4219],[-74.0083,45.4226],[-74.0084,45.4232],[-74.0078,45.4235],[-74.0086,45.4203],[-74.005,45.4207],[-74.0044,45.4185],[-74.009,45.4148],[-74.0148,45.4141],[-74.0238,45.3963],[-74.0182,45.3916],[-74.0087,45.391],[-74.0083,45.3886],[-74.0038,45.3876],[-74.0041,45.3854],[-74.0098,45.3828],[-74.0093,45.3792],[-74.0064,45.3783],[-74.0088,45.3767],[-74.0094,45.3735],[-74.0059,45.3699],[-74.0062,45.3647],[-74.0028,45.3608],[-73.9985,45.3602],[-73.9999,45.358],[-73.9932,45.3529],[-73.9873,45.3522],[-73.9864,45.3483],[-73.9713,45.3352],[-73.977,45.3334],[-73.9996,45.3348],[-74.0957,45.3716]]],[[[-73.9888,45.3963],[-73.9891,45.3962],[-73.989,45.3964],[-73.9888,45.3963]]],[[[-73.9885,45.4015],[-73.9941,45.3986],[-73.9989,45.4019],[-73.9885,45.4015]]],[[[-73.9917,45.3946],[-73.9917,45.3942],[-73.992,45.3942],[-73.9917,45.3946]]],[[[-74.0011,45.3772],[-74.0021,45.3766],[-74.0043,45.3795],[-74.0011,45.3772]]],[[[-74.0012,45.3815],[-74.0007,45.3809],[-74.0011,45.3809],[-74.0012,45.3815]]],[[[-73.9964,45.3922],[-73.9969,45.3932],[-73.9963,45.393],[-73.9964,45.3922]]],[[[-73.9976,45.3903],[-73.9985,45.3909],[-73.9995,45.3921],[-73.9976,45.3903]]],[[[-73.9953,45.397],[-73.995,45.397],[-73.9962,45.3963],[-73.9953,45.397]]],[[[-73.9959,45.3955],[-73.9963,45.3952],[-73.9963,45.3953],[-73.9959,45.3955]]],[[[-74.0021,45.3836],[-74.0017,45.3836],[-74.0017,45.3834],[-74.0021,45.3836]]],[[[-74.0021,45.3824],[-74.0022,45.3822],[-74.0028,45.3821],[-74.0021,45.3824]]],[[[-74.0037,45.3804],[-74.0043,45.3802],[-74.0042,45.3803],[-74.0037,45.3804]]],[[[-74.0015,45.3864],[-74.0018,45.3863],[-74.0018,45.3867],[-74.0015,45.3864]]],[[[-74.0019,45.3863],[-74.0021,45.3863],[-74.0021,45.3864],[-74.0019,45.3863]]],[[[-74.0019,45.3866],[-74.0021,45.3866],[-74.002,45.3867],[-74.0019,45.3866]]],[[[-74.0005,45.3949],[-74.001,45.3961],[-74.0003,45.3961],[-74.0005,45.3949]]],[[[-73.999,45.3964],[-74.0015,45.3964],[-73.9997,45.3974],[-73.999,45.3964]]],[[[-74.0047,45.3818],[-74.0047,45.3819],[-74.0044,45.3818],[-74.0047,45.3818]]],[[[-73.9978,45.3982],[-73.998,45.3982],[-73.998,45.3984],[-73.9978,45.3982]]],[[[-74.0027,45.3886],[-74.0028,45.3891],[-74.0019,45.3891],[-74.0027,45.3886]]],[[[-73.9885,45.4225],[-73.988,45.4225],[-73.9883,45.4223],[-73.9885,45.4225]]],[[[-74.0063,45.3788],[-74.0089,45.3795],[-74.0077,45.38],[-74.0063,45.3788]]],[[[-74.0039,45.3859],[-74.0038,45.3854],[-74.0039,45.3854],[-74.0039,45.3859]]],[[[-74.0072,45.3773],[-74.0071,45.3772],[-74.0074,45.3772],[-74.0072,45.3773]]],[[[-73.9895,45.4228],[-73.9896,45.4229],[-73.9891,45.4228],[-73.9895,45.4228]]],[[[-73.993,45.4189],[-74.0043,45.4178],[-74.001,45.4239],[-73.9983,45.4202],[-73.9928,45.4225],[-73.9904,45.4215],[-73.993,45.4189]]],[[[-74.005,45.3846],[-74.0054,45.3845],[-74.0054,45.3847],[-74.005,45.3846]]],[[[-74.008,45.3807],[-74.007,45.3801],[-74.0073,45.38],[-74.008,45.3807]]],[[[-74.0028,45.393],[-74.0026,45.3936],[-74.0018,45.3929],[-74.0028,45.393]]],[[[-74.0066,45.3826],[-74.0065,45.3824],[-74.0072,45.3824],[-74.0066,45.3826]]],[[[-74.0007,45.4014],[-74.0008,45.4022],[-74.0004,45.4015],[-74.0007,45.4014]]],[[[-74.0051,45.3888],[-74.0053,45.3887],[-74.0053,45.3889],[-74.0051,45.3888]]],[[[-74.0021,45.3965],[-74.0021,45.3964],[-74.0023,45.3965],[-74.0021,45.3965]]],[[[-74.0056,45.391],[-74.0064,45.392],[-74.0056,45.3915],[-74.0056,45.391]]],[[[-74.009,45.3917],[-74.0088,45.3913],[-74.0092,45.3912],[-74.009,45.3917]]],[[[-74.0095,45.3926],[-74.0088,45.3926],[-74.009,45.3918],[-74.0095,45.3926]]],[[[-74.0038,45.4159],[-74.0028,45.4159],[-74.0031,45.4145],[-74.0038,45.4159]]],[[[-74.002,45.4239],[-74.0022,45.4241],[-74.0017,45.4242],[-74.0012,45.4241],[-74.002,45.4239]]],[[[-74.0046,45.4163],[-74.0046,45.4162],[-74.0048,45.4162],[-74.0046,45.4163]]],[[[-74.006,45.4149],[-74.0071,45.4153],[-74.0059,45.4158],[-74.006,45.4149]]],[[[-74.0154,45.3928],[-74.0148,45.3929],[-74.0148,45.3925],[-74.0154,45.3928]]],[[[-74.0056,45.4162],[-74.0055,45.4161],[-74.0058,45.416],[-74.0056,45.4162]]],[[[-74.0042,45.4205],[-74.005,45.4212],[-74.0047,45.4213],[-74.0042,45.4205]]],[[[-74.0045,45.4214],[-74.0043,45.4217],[-74.0041,45.4215],[-74.0045,45.4214]]],[[[-74.0055,45.4237],[-74.006,45.4235],[-74.0063,45.4249],[-74.0055,45.4237]]],[[[-74.0069,45.4214],[-74.0068,45.4218],[-74.0064,45.4217],[-74.0069,45.4214]]],[[[-74.0073,45.4215],[-74.0073,45.4214],[-74.0076,45.4214],[-74.0073,45.4215]]],[[[-74.0102,45.4221],[-74.0113,45.4222],[-74.0106,45.4227],[-74.0102,45.4221]]],[[[-74.0446,45.4227],[-74.0443,45.4224],[-74.0448,45.4225],[-74.0446,45.4227]]],[[[-74.2179,45.4351],[-74.2194,45.4302],[-74.2298,45.4318],[-74.22,45.4678],[-74.2091,45.4665],[-74.2094,45.4641],[-74.1822,45.4571],[-74.1871,45.4519],[-74.1818,45.4504],[-74.1937,45.4285],[-74.2179,45.4351]]]]},"properties":{"csduid":"2471083","name":"Vaudreuil-Dorion","zone":"C","pop":43268,"jobs":15330,"jobs_proxy":false,"clat":45.3954,"clon":-74.0422,"dist_cbd_km":38.78}},{"type":"Feature","geometry":{"type":"MultiPolygon","coordinates":[[[[-73.4591,45.5992],[-73.4571,45.6206],[-73.4452,45.6448],[-73.445,45.6573],[-73.3601,45.5899],[-73.3619,45.5728],[-73.3666,45.5689],[-73.3717,45.5561],[-73.3751,45.533],[-73.3872,45.5418],[-73.3901,45.5374],[-73.4107,45.5527],[-73.4203,45.546],[-73.4705,45.5848],[-73.4591,45.5992]]],[[[-73.4766,45.5921],[-73.4778,45.5916],[-73.4709,45.5922],[-73.4792,45.5867],[-73.4857,45.5856],[-73.4892,45.5863],[-73.4852,45.5936],[-73.4743,45.5972],[-73.462,45.6045],[-73.4706,45.5926],[-73.4766,45.5921]]],[[[-73.4633,45.6058],[-73.4749,45.6071],[-73.481,45.6064],[-73.4635,45.6053],[-73.4784,45.5994],[-73.4828,45.6005],[-73.4843,45.5989],[-73.4789,45.5987],[-73.4826,45.5987],[-73.4835,45.5977],[-73.4798,45.598],[-73.4718,45.6005],[-73.486,45.5951],[-73.4789,45.6179],[-73.4742,45.6191],[-73.4743,45.6169],[-73.472,45.6189],[-73.4665,45.6173],[-73.4645,45.6174],[-73.462,45.6185],[-73.4633,45.6058]]],[[[-73.462,45.619],[-73.4652,45.6176],[-73.4733,45.6193],[-73.4665,45.6399],[-73.461,45.6431],[-73.4549,45.6429],[-73.462,45.619]]],[[[-73.4737,45.6279],[-73.4778,45.6253],[-73.4741,45.6269],[-73.4749,45.6239],[-73.4797,45.6192],[-73.4738,45.6226],[-73.4744,45.6197],[-73.4822,45.6173],[-73.4903,45.5972],[-73.488,45.5945],[-73.4915,45.5921],[-73.4938,45.5955],[-73.4921,45.6107],[-73.4856,45.6157],[-73.4835,45.6207],[-73.4821,45.6196],[-73.4804,45.6281],[-73.4734,45.635],[-73.4737,45.6279]]],[[[-73.4723,45.6281],[-73.4721,45.6284],[-73.473,45.6254],[-73.4723,45.6281]]],[[[-73.4718,45.6296],[-73.4714,45.6296],[-73.4719,45.6288],[-73.4718,45.6296]]],[[[-73.4868,45.595],[-73.4875,45.5944],[-73.487,45.5979],[-73.4868,45.595]]],[[[-73.4907,45.615],[-73.4893,45.6158],[-73.4903,45.6142],[-73.4907,45.615]]],[[[-73.4913,45.6132],[-73.4907,45.6133],[-73.4913,45.6128],[-73.4913,45.6132]]],[[[-73.4984,45.5972],[-73.4984,45.5967],[-73.4986,45.5969],[-73.4984,45.5972]]],[[[-73.492,45.6118],[-73.4924,45.6116],[-73.4924,45.6119],[-73.492,45.6118]]],[[[-73.4938,45.6105],[-73.4936,45.6105],[-73.4939,45.6099],[-73.4938,45.6105]]],[[[-73.499,45.5988],[-73.4989,45.5989],[-73.499,45.598],[-73.499,45.5988]]]]},"properties":{"csduid":"2458033","name":"Boucherville","zone":"B","pop":41743,"jobs":25905,"jobs_proxy":false,"clat":45.5974,"clon":-73.4374,"dist_cbd_km":14.8}},{"type":"Feature","geometry":{"type":"MultiPolygon","coordinates":[[[[-73.6389,45.4835],[-73.6305,45.4795],[-73.6307,45.4793],[-73.6389,45.4835]]],[[[-73.6863,45.4548],[-73.6857,45.46],[-73.6757,45.4831],[-73.6608,45.4813],[-73.6442,45.4739],[-73.6614,45.4573],[-73.6581,45.456],[-73.6595,45.4546],[-73.6674,45.4576],[-73.6719,45.4526],[-73.6863,45.4548]]],[[[-73.6506,45.4928],[-73.6482,45.4918],[-73.6549,45.484],[-73.6506,45.4928]]]]},"properties":{"csduid":"2466058","name":"Côte-Saint-Luc","zone":"A","pop":34504,"jobs":6390,"jobs_proxy":false,"clat":45.4705,"clon":-73.6612,"dist_cbd_km":7.99}},{"type":"Feature","geometry":{"type":"Polygon","coordinates":[[[-73.8385,45.4456],[-73.8322,45.4454],[-73.8338,45.4501],[-73.8464,45.4625],[-73.8156,45.4783],[-73.813,45.4755],[-73.7958,45.483],[-73.7803,45.4672],[-73.7846,45.4651],[-73.7786,45.445],[-73.7856,45.4477],[-73.7956,45.4475],[-73.8028,45.4426],[-73.8035,45.4341],[-73.8169,45.4328],[-73.8252,45.4249],[-73.8267,45.4279],[-73.8318,45.4287],[-73.8385,45.4456]]]},"properties":{"csduid":"2466097","name":"Pointe-Claire","zone":"A","pop":33488,"jobs":22910,"jobs_proxy":false,"clat":45.4529,"clon":-73.8121,"dist_cbd_km":19.74}},{"type":"Feature","geometry":{"type":"Polygon","coordinates":[[[-73.3115,45.4248],[-73.3294,45.4371],[-73.3152,45.4439],[-73.3118,45.4429],[-73.3113,45.4461],[-73.3075,45.446],[-73.313,45.4495],[-73.3094,45.4509],[-73.3053,45.4616],[-73.2804,45.465],[-73.2743,45.457],[-73.2733,45.4507],[-73.262,45.4466],[-73.2545,45.4392],[-73.2579,45.4386],[-73.2489,45.4234],[-73.2492,45.4135],[-73.2772,45.4088],[-73.2822,45.4087],[-73.2841,45.4107],[-73.2897,45.3931],[-73.3153,45.4109],[-73.3115,45.4248]]]},"properties":{"csduid":"2457005","name":"Chambly","zone":"C","pop":31444,"jobs":7370,"jobs_proxy":false,"clat":45.4391,"clon":-73.2986,"dist_cbd_km":22.13}},{"type":"Feature","geometry":{"type":"Polygon","coordinates":[[[-73.3601,45.5899],[-73.3834,45.6084],[-73.3742,45.6196],[-73.3766,45.6245],[-73.3707,45.6222],[-73.3701,45.6254],[-73.3756,45.6329],[-73.3685,45.6353],[-73.3727,45.6384],[-73.3575,45.6291],[-73.3577,45.6379],[-73.35,45.6319],[-73.3397,45.6453],[-73.3451,45.6508],[-73.305,45.622],[-73.2995,45.6301],[-73.2822,45.6178],[-73.2925,45.6051],[-73.2764,45.5933],[-73.2913,45.5862],[-73.2972,45.5808],[-73.2889,45.5752],[-73.2926,45.5532],[-73.312,45.5678],[-73.3145,45.5572],[-73.3187,45.5574],[-73.3333,45.567],[-73.3385,45.5635],[-73.3489,45.5711],[-73.3492,45.5672],[-73.3555,45.5726],[-73.3617,45.5735],[-73.3601,45.5899]]]},"properties":{"csduid":"2459010","name":"Sainte-Julie","zone":"C","pop":30045,"jobs":7520,"jobs_proxy":false,"clat":45.5875,"clon":-73.3382,"dist_cbd_km":20.35}},{"type":"Feature","geometry":{"type":"Polygon","coordinates":[[[-73.6411,45.3346],[-73.631,45.3424],[-73.6612,45.3502],[-73.6486,45.3525],[-73.6418,45.36],[-73.6261,45.3695],[-73.6162,45.3858],[-73.6007,45.3852],[-73.5957,45.3952],[-73.5865,45.3948],[-73.5672,45.388],[-73.5539,45.3867],[-73.5514,45.3787],[-73.5617,45.3788],[-73.5625,45.3739],[-73.5688,45.3736],[-73.5387,45.3632],[-73.5373,45.3591],[-73.5246,45.3532],[-73.5258,45.3518],[-73.5202,45.3484],[-73.5199,45.3536],[-73.5199,45.3444],[-73.5163,45.3373],[-73.5183,45.3363],[-73.5368,45.3448],[-73.5343,45.3429],[-73.5489,45.3467],[-73.5507,45.3358],[-73.5485,45.3347],[-73.5696,45.3398],[-73.5738,45.3163],[-73.5713,45.3154],[-73.5734,45.3013],[-73.5686,45.2982],[-73.5694,45.2962],[-73.634,45.3147],[-73.628,45.3249],[-73.6206,45.3296],[-73.6411,45.3346]]]},"properties":{"csduid":"2467035","name":"Saint-Constant","zone":"C","pop":29954,"jobs":4695,"jobs_proxy":false,"clat":45.3761,"clon":-73.5805,"dist_cbd_km":13.91}},{"type":"Feature","geometry":{"type":"MultiPolygon","coordinates":[[[[-73.8119,45.6127],[-73.8113,45.6141],[-73.8126,45.6141],[-73.8099,45.6146],[-73.8119,45.6127]]],[[[-73.8111,45.6158],[-73.8106,45.6159],[-73.811,45.6151],[-73.8111,45.6158]]],[[[-73.8155,45.6115],[-73.8124,45.6136],[-73.8128,45.6111],[-73.8155,45.6115]]],[[[-73.8798,45.6017],[-73.8797,45.6063],[-73.9304,45.6402],[-73.9171,45.6337],[-73.8931,45.6376],[-73.8956,45.639],[-73.8883,45.6411],[-73.8857,45.6385],[-73.8802,45.6386],[-73.8721,45.6418],[-73.8814,45.6492],[-73.8774,45.6494],[-73.867,45.6425],[-73.8639,45.6437],[-73.8445,45.6306],[-73.836,45.629],[-73.8285,45.6302],[-73.8104,45.6186],[-73.8157,45.6144],[-73.8182,45.6152],[-73.8255,45.6101],[-73.8272,45.6116],[-73.832,45.6089],[-73.829,45.6006],[-73.8358,45.5959],[-73.8349,45.5921],[-73.8372,45.5934],[-73.8334,45.5882],[-73.8408,45.583],[-73.8478,45.5892],[-73.8496,45.5877],[-73.8695,45.5992],[-73.8723,45.5981],[-73.8798,45.6017]]],[[[-73.8122,45.6157],[-73.8121,45.6154],[-73.8127,45.6153],[-73.8122,45.6157]]],[[[-73.8169,45.6123],[-73.8171,45.6092],[-73.8204,45.6085],[-73.8209,45.6127],[-73.8143,45.614],[-73.8169,45.6123]]],[[[-73.8288,45.6083],[-73.8271,45.61],[-73.826,45.6018],[-73.8281,45.5996],[-73.8288,45.6083]]],[[[-73.825,45.6093],[-73.8238,45.61],[-73.824,45.6087],[-73.825,45.6093]]],[[[-73.8253,45.6085],[-73.8252,45.6084],[-73.8254,45.6084],[-73.8253,45.6085]]],[[[-73.839,45.5805],[-73.8408,45.5808],[-73.8374,45.5826],[-73.839,45.5805]]],[[[-73.8303,45.6085],[-73.8291,45.6084],[-73.8302,45.6077],[-73.8303,45.6085]]],[[[-73.843,45.5812],[-73.8419,45.5817],[-73.842,45.5798],[-73.843,45.5812]]]]},"properties":{"csduid":"2473005","name":"Boisbriand","zone":"C","pop":28308,"jobs":13235,"jobs_proxy":false,"clat":45.6173,"clon":-73.8454,"dist_cbd_km":25.15}},{"type":"Feature","geometry":{"type":"Polygon","coordinates":[[[-73.8807,45.6552],[-73.8699,45.6631],[-73.8452,45.6471],[-73.8403,45.6518],[-73.8382,45.6506],[-73.8338,45.6536],[-73.8426,45.6593],[-73.8403,45.6611],[-73.813,45.6429],[-73.8122,45.6402],[-73.8259,45.6306],[-73.8393,45.6293],[-73.8807,45.6552]]]},"properties":{"csduid":"2473010","name":"Sainte-Thérèse","zone":"C","pop":26533,"jobs":9485,"jobs_proxy":false,"clat":45.6437,"clon":-73.8409,"dist_cbd_km":26.5}},{"type":"Feature","geometry":{"type":"MultiPolygon","coordinates":[[[[-73.5137,45.4056],[-73.5019,45.414],[-73.4989,45.4226],[-73.491,45.4316],[-73.479,45.4304],[-73.464,45.4217],[-73.4379,45.4219],[-73.4384,45.417],[-73.3883,45.4144],[-73.3852,45.4101],[-73.3937,45.4105],[-73.3804,45.4011],[-73.3861,45.3999],[-73.388,45.3842],[-73.398,45.3737],[-73.3945,45.3723],[-73.3922,45.3601],[-73.3877,45.3585],[-73.3904,45.3553],[-73.4775,45.3937],[-73.4822,45.3902],[-73.4845,45.3913],[-73.4866,45.3881],[-73.5038,45.3933],[-73.5088,45.3913],[-73.5125,45.3931],[-73.5027,45.4005],[-73.5137,45.4056]]],[[[-73.5001,45.4323],[-73.5,45.4333],[-73.4982,45.4327],[-73.5001,45.4323]]],[[[-73.5011,45.4271],[-73.5015,45.4269],[-73.5002,45.4317],[-73.5011,45.4271]]],[[[-73.5029,45.4245],[-73.5026,45.4247],[-73.5033,45.4237],[-73.5029,45.4245]]],[[[-73.5041,45.4226],[-73.5039,45.4227],[-73.5066,45.4194],[-73.5041,45.4226]]],[[[-73.5248,45.4106],[-73.5258,45.411],[-73.5092,45.4198],[-73.5015,45.4338],[-73.507,45.4212],[-73.5201,45.4121],[-73.5248,45.4106]]],[[[-73.5077,45.4185],[-73.5073,45.4188],[-73.5092,45.4168],[-73.5077,45.4185]]],[[[-73.5131,45.4144],[-73.5121,45.4149],[-73.515,45.4129],[-73.5131,45.4144]]],[[[-73.5186,45.4115],[-73.5179,45.4117],[-73.5183,45.4113],[-73.5228,45.4099],[-73.5186,45.4115]]]]},"properties":{"csduid":"2467015","name":"La Prairie","zone":"C","pop":26406,"jobs":6145,"jobs_proxy":false,"clat":45.4088,"clon":-73.4797,"dist_cbd_km":12.36}},{"type":"Feature","geometry":{"type":"Polygon","coordinates":[[[-73.372,45.5078],[-73.3771,45.4972],[-73.3942,45.5096],[-73.3777,45.5262],[-73.3901,45.5374],[-73.3872,45.5418],[-73.3751,45.533],[-73.3717,45.5561],[-73.3666,45.5689],[-73.3617,45.5735],[-73.3555,45.5726],[-73.3492,45.5672],[-73.3489,45.5711],[-73.3385,45.5635],[-73.3333,45.567],[-73.3237,45.5589],[-73.322,45.56],[-73.3145,45.5572],[-73.312,45.5678],[-73.2926,45.5532],[-73.2946,45.5404],[-73.3163,45.5158],[-73.3321,45.5086],[-73.3264,45.5043],[-73.3353,45.4793],[-73.372,45.5078]]]},"properties":{"csduid":"2458037","name":"Saint-Bruno-de-Montarville","zone":"B","pop":26273,"jobs":11845,"jobs_proxy":false,"clat":45.527,"clon":-73.3415,"dist_cbd_km":17.92}},{"type":"Feature","geometry":{"type":"Polygon","coordinates":[[[-73.2318,45.5579],[-73.2438,45.553],[-73.2492,45.5472],[-73.2651,45.5584],[-73.2592,45.5644],[-73.2434,45.5713],[-73.2222,45.6057],[-73.2189,45.6034],[-73.2173,45.6066],[-73.2067,45.6013],[-73.2013,45.6332],[-73.1847,45.6212],[-73.1895,45.5888],[-73.2103,45.5473],[-73.2151,45.5456],[-73.2318,45.5579]]]},"properties":{"csduid":"2457040","name":"Beloeil","zone":"C","pop":24104,"jobs":7685,"jobs_proxy":false,"clat":45.5754,"clon":-73.2116,"dist_cbd_km":29.0}},{"type":"Feature","geometry":{"type":"Polygon","coordinates":[[[-73.4975,45.8131],[-73.4889,45.814],[-73.4798,45.8076],[-73.4782,45.8085],[-73.4895,45.8169],[-73.4694,45.8308],[-73.48,45.8401],[-73.477,45.8429],[-73.4607,45.8518],[-73.4458,45.8476],[-73.4452,45.8402],[-73.4401,45.8471],[-73.4452,45.853],[-73.4436,45.8618],[-73.4494,45.8619],[-73.4523,45.8642],[-73.4503,45.8619],[-73.4549,45.8617],[-73.4562,45.8581],[-73.4562,45.8617],[-73.4616,45.8624],[-73.4473,45.8729],[-73.4816,45.8964],[-73.4725,45.8998],[-73.4689,45.9036],[-73.4628,45.9047],[-73.4564,45.9438],[-73.4299,45.9244],[-73.4259,45.9256],[-73.4249,45.9284],[-73.4213,45.9262],[-73.3448,45.8713],[-73.3627,45.8556],[-73.3796,45.8473],[-73.3805,45.8444],[-73.3863,45.8434],[-73.3913,45.8471],[-73.3944,45.845],[-73.3868,45.8377],[-73.3978,45.8217],[-73.3951,45.8199],[-73.4011,45.8119],[-73.4092,45.8166],[-73.4021,45.8098],[-73.4054,45.8038],[-73.416,45.7955],[-73.4216,45.7977],[-73.424,45.795],[-73.4208,45.7935],[-73.4256,45.7919],[-73.4245,45.7833],[-73.4391,45.7892],[-73.4421,45.7855],[-73.4505,45.7823],[-73.4499,45.774],[-73.4975,45.8131]]]},"properties":{"csduid":"2460028","name":"L'Assomption","zone":"C","pop":23442,"jobs":5120,"jobs_proxy":false,"clat":45.8504,"clon":-73.4261,"dist_cbd_km":40.41}},{"type":"Feature","geometry":{"type":"MultiPolygon","coordinates":[[[[-73.5241,45.3665],[-73.521,45.3689],[-73.5362,45.3765],[-73.5344,45.3875],[-73.538,45.3895],[-73.5338,45.393],[-73.5384,45.3929],[-73.5349,45.3952],[-73.5345,45.3977],[-73.5372,45.3975],[-73.5355,45.4019],[-73.5267,45.4004],[-73.5137,45.4056],[-73.5027,45.4005],[-73.5125,45.3931],[-73.5088,45.3913],[-73.5038,45.3933],[-73.4978,45.3903],[-73.4955,45.3918],[-73.4784,45.3842],[-73.496,45.3751],[-73.4938,45.3741],[-73.4974,45.3632],[-73.488,45.3635],[-73.4974,45.3588],[-73.501,45.3594],[-73.4929,45.349],[-73.5163,45.3373],[-73.5199,45.3444],[-73.52,45.3635],[-73.5241,45.3665]]],[[[-73.5231,45.4097],[-73.5232,45.4097],[-73.5231,45.4098],[-73.5231,45.4097]]],[[[-73.5317,45.4091],[-73.5329,45.409],[-73.5248,45.4106],[-73.5317,45.4091]]],[[[-73.5305,45.4081],[-73.5256,45.4091],[-73.5281,45.4082],[-73.5305,45.4081]]],[[[-73.533,45.4074],[-73.5335,45.4073],[-73.5333,45.4078],[-73.533,45.4074]]]]},"properties":{"csduid":"2467020","name":"Candiac","zone":"C","pop":22997,"jobs":6510,"jobs_proxy":false,"clat":45.3839,"clon":-73.5137,"dist_cbd_km":13.69}},{"type":"Feature","geometry":{"type":"MultiPolygon","coordinates":[[[[-73.5242,45.5185],[-73.498,45.5096],[-73.4926,45.5026],[-73.5005,45.4953],[-73.4745,45.4766],[-73.5046,45.4777],[-73.508,45.4802],[-73.509,45.4815],[-73.5153,45.496],[-73.515,45.4911],[-73.5242,45.5185]]],[[[-73.5097,45.4797],[-73.5096,45.4798],[-73.5082,45.4778],[-73.5097,45.4797]]],[[[-73.5154,45.4857],[-73.5107,45.4779],[-73.5166,45.4868],[-73.5185,45.497],[-73.5154,45.4857]]],[[[-73.5105,45.4829],[-73.5099,45.4803],[-73.5124,45.486],[-73.5105,45.4829]]],[[[-73.5145,45.4901],[-73.5142,45.4907],[-73.5123,45.4871],[-73.5145,45.4901]]],[[[-73.5237,45.4882],[-73.5237,45.4883],[-73.5236,45.4883],[-73.5237,45.4882]]]]},"properties":{"csduid":"2458012","name":"Saint-Lambert","zone":"B","pop":22761,"jobs":5205,"jobs_proxy":false,"clat":45.4944,"clon":-73.5013,"dist_cbd_km":5.28}},{"type":"Feature","geometry":{"type":"Polygon","coordinates":[[[-74.1813,45.3819],[-74.1818,45.3789],[-74.1868,45.3801],[-74.1876,45.3826],[-74.2427,45.3889],[-74.2298,45.4318],[-74.2194,45.4302],[-74.2179,45.4351],[-74.1937,45.4285],[-74.1818,45.4504],[-74.1537,45.4423],[-74.155,45.4393],[-74.146,45.4362],[-74.1364,45.4287],[-74.1338,45.43],[-74.1203,45.4181],[-74.1119,45.4228],[-74.1044,45.4157],[-74.107,45.4144],[-74.0816,45.3927],[-74.0843,45.3912],[-74.072,45.3785],[-74.078,45.3762],[-74.0863,45.3788],[-74.0847,45.3775],[-74.0957,45.3716],[-74.1813,45.3819]]]},"properties":{"csduid":"2471105","name":"Saint-Lazare","zone":"C","pop":22354,"jobs":2325,"jobs_proxy":false,"clat":45.404,"clon":-74.1472,"dist_cbd_km":46.41}},{"type":"Feature","geometry":{"type":"MultiPolygon","coordinates":[[[[-73.4366,45.6704],[-73.4348,45.672],[-73.4339,45.6712],[-73.4311,45.6711],[-73.4307,45.6713],[-73.4305,45.6726],[-73.4309,45.6725],[-73.431,45.6712],[-73.4347,45.6722],[-73.4367,45.6706],[-73.4409,45.6714],[-73.4407,45.6731],[-73.442,45.6782],[-73.4428,45.6785],[-73.4426,45.6826],[-73.4437,45.6849],[-73.4309,45.7087],[-73.4326,45.7149],[-73.394,45.749],[-73.3226,45.6921],[-73.3378,45.6772],[-73.3315,45.6724],[-73.3457,45.6499],[-73.3397,45.6453],[-73.35,45.6319],[-73.3577,45.6379],[-73.3575,45.6291],[-73.3721,45.6391],[-73.3685,45.6353],[-73.3756,45.6329],[-73.3701,45.6254],[-73.3707,45.6222],[-73.3766,45.6245],[-73.3742,45.6196],[-73.3834,45.6084],[-73.445,45.6573],[-73.4419,45.6751],[-73.4411,45.6713],[-73.4366,45.6704]],[[-73.4271,45.6708],[-73.4191,45.6723],[-73.427,45.6709],[-73.4303,45.6727],[-73.4305,45.6726],[-73.4271,45.6708]]],[[[-73.4146,45.743],[-73.4151,45.7418],[-73.4154,45.7419],[-73.4146,45.743]]],[[[-73.4219,45.7324],[-73.421,45.7323],[-73.4224,45.7314],[-73.4219,45.7324]]],[[[-73.4559,45.6536],[-73.456,45.6534],[-73.4565,45.6533],[-73.4559,45.6536]]],[[[-73.4544,45.6589],[-73.454,45.6591],[-73.4544,45.6576],[-73.4544,45.6589]]],[[[-73.4586,45.6609],[-73.4575,45.6558],[-73.461,45.6503],[-73.4648,45.6491],[-73.4663,45.6516],[-73.4695,45.6479],[-73.4683,45.6541],[-73.4647,45.6557],[-73.457,45.6687],[-73.4505,45.6731],[-73.4514,45.6656],[-73.4559,45.6593],[-73.4586,45.6609]]],[[[-73.425,45.7303],[-73.4239,45.7307],[-73.4246,45.7297],[-73.4264,45.7291],[-73.425,45.7303]]],[[[-73.4417,45.7142],[-73.4399,45.7148],[-73.4392,45.712],[-73.443,45.7093],[-73.4417,45.7142]]],[[[-73.4673,45.6554],[-73.4676,45.6551],[-73.4679,45.6552],[-73.4673,45.6554]]],[[[-73.4593,45.675],[-73.4594,45.6748],[-73.4595,45.6749],[-73.4593,45.675]]],[[[-73.46,45.6749],[-73.481,45.6611],[-73.4828,45.6812],[-73.4769,45.6938],[-73.4702,45.6948],[-73.4582,45.7021],[-73.46,45.6749]]],[[[-73.4661,45.6664],[-73.4664,45.6642],[-73.4761,45.6587],[-73.4668,45.6675],[-73.4661,45.6664]]],[[[-73.4519,45.7047],[-73.4547,45.7017],[-73.4508,45.7093],[-73.4519,45.7047]]],[[[-73.4596,45.703],[-73.4576,45.7059],[-73.4572,45.7051],[-73.4596,45.703]]],[[[-73.4779,45.6566],[-73.4784,45.6564],[-73.4808,45.6609],[-73.4753,45.663],[-73.4779,45.6566]]],[[[-73.4687,45.6989],[-73.4699,45.7008],[-73.4624,45.7025],[-73.4687,45.6989]]],[[[-73.4684,45.6976],[-73.4674,45.6973],[-73.4716,45.6951],[-73.4684,45.6976]]],[[[-73.4694,45.6977],[-73.4732,45.6966],[-73.472,45.6955],[-73.4768,45.6954],[-73.4758,45.6982],[-73.4714,45.6994],[-73.4694,45.6977]]],[[[-73.4838,45.6731],[-73.4837,45.6748],[-73.4837,45.6716],[-73.4838,45.6731]]]]},"properties":{"csduid":"2459020","name":"Varennes","zone":"C","pop":21198,"jobs":8960,"jobs_proxy":false,"clat":45.6768,"clon":-73.4265,"dist_cbd_km":22.46}},{"type":"Feature","geometry":{"type":"Polygon","coordinates":[[[-73.663,45.4987],[-73.6562,45.4944],[-73.6671,45.4861],[-73.6753,45.4913],[-73.6773,45.4839],[-73.6862,45.4895],[-73.6654,45.503],[-73.649,45.5301],[-73.6205,45.5235],[-73.629,45.5141],[-73.6365,45.5145],[-73.6456,45.5015],[-73.6518,45.5043],[-73.6598,45.5048],[-73.663,45.4987]]]},"properties":{"csduid":"2466072","name":"Mont-Royal","zone":"A","pop":20953,"jobs":14320,"jobs_proxy":false,"clat":45.5158,"clon":-73.6458,"dist_cbd_km":6.25}},{"type":"Feature","geometry":{"type":"Polygon","coordinates":[[[-73.9732,45.5339],[-73.9744,45.5399],[-73.9716,45.5382],[-73.9598,45.5384],[-73.9341,45.5424],[-73.9334,45.5449],[-73.9282,45.545],[-73.9088,45.5311],[-73.9181,45.5284],[-73.9247,45.5219],[-73.9492,45.517],[-73.9732,45.5339]]]},"properties":{"csduid":"2472015","name":"Sainte-Marthe-sur-le-Lac","zone":"C","pop":19797,"jobs":1780,"jobs_proxy":false,"clat":45.5313,"clon":-73.9402,"dist_cbd_km":29.16}},{"type":"Feature","geometry":{"type":"Polygon","coordinates":[[[-73.6141,45.4805],[-73.6124,45.4827],[-73.6172,45.4848],[-73.6153,45.4868],[-73.6184,45.4885],[-73.6148,45.493],[-73.6114,45.4916],[-73.6067,45.4954],[-73.6029,45.4952],[-73.5824,45.4884],[-73.5806,45.4856],[-73.5974,45.4738],[-73.6141,45.4805]]]},"properties":{"csduid":"2466032","name":"Westmount","zone":"A","pop":19658,"jobs":9730,"jobs_proxy":false,"clat":45.4841,"clon":-73.5982,"dist_cbd_km":2.98}},{"type":"Feature","geometry":{"type":"Polygon","coordinates":[[[-73.8728,45.4426],[-73.8769,45.4415],[-73.8759,45.4386],[-73.8819,45.4389],[-73.8811,45.4367],[-73.9011,45.4351],[-73.9055,45.4448],[-73.9023,45.4475],[-73.8925,45.4475],[-73.8661,45.46],[-73.8672,45.4614],[-73.8546,45.4707],[-73.8338,45.4501],[-73.8322,45.4454],[-73.8521,45.4454],[-73.8647,45.439],[-73.8728,45.4426]]]},"properties":{"csduid":"2466102","name":"Kirkland","zone":"A","pop":19413,"jobs":7465,"jobs_proxy":false,"clat":45.4499,"clon":-73.8679,"dist_cbd_km":24.03}},{"type":"Feature","geometry":{"type":"MultiPolygon","coordinates":[[[[-73.7653,45.4383],[-73.7694,45.4409],[-73.7746,45.4394],[-73.7814,45.4511],[-73.7822,45.4545],[-73.78,45.4549],[-73.7846,45.4651],[-73.7803,45.4672],[-73.7947,45.4818],[-73.7679,45.4945],[-73.7655,45.4871],[-73.7739,45.4821],[-73.7662,45.4769],[-73.7682,45.4751],[-73.7621,45.4686],[-73.7502,45.4612],[-73.7234,45.4821],[-73.7084,45.4732],[-73.7249,45.4609],[-73.7199,45.4384],[-73.7231,45.4384],[-73.724,45.439],[-73.7252,45.439],[-73.7302,45.4364],[-73.7441,45.438],[-73.7489,45.4356],[-73.7531,45.4379],[-73.7548,45.4362],[-73.7522,45.4352],[-73.7542,45.4354],[-73.7608,45.4394],[-73.7653,45.4383]]],[[[-73.7242,45.431],[-73.7253,45.4313],[-73.7248,45.4321],[-73.7242,45.431]]],[[[-73.7342,45.4327],[-73.7338,45.4329],[-73.7339,45.4322],[-73.7342,45.4327]]]]},"properties":{"csduid":"2466087","name":"Dorval","zone":"A","pop":19302,"jobs":24995,"jobs_proxy":false,"clat":45.4455,"clon":-73.7495,"dist_cbd_km":15.41}},{"type":"Feature","geometry":{"type":"Polygon","coordinates":[[[-73.8954,45.4142],[-73.9011,45.4351],[-73.8811,45.4367],[-73.8819,45.4389],[-73.8759,45.4386],[-73.8769,45.4415],[-73.8728,45.4426],[-73.8683,45.4428],[-73.8647,45.439],[-73.8521,45.4454],[-73.8385,45.4456],[-73.8313,45.4284],[-73.8366,45.4247],[-73.8404,45.4282],[-73.8467,45.4295],[-73.8555,45.4248],[-73.8737,45.4199],[-73.8785,45.4148],[-73.8954,45.4142]]]},"properties":{"csduid":"2466107","name":"Beaconsfield","zone":"A","pop":19277,"jobs":2510,"jobs_proxy":false,"clat":45.4318,"clon":-73.8664,"dist_cbd_km":24.47}},{"type":"Feature","geometry":{"type":"Polygon","coordinates":[[[-73.2008,45.5533],[-73.2048,45.5486],[-73.2094,45.5494],[-73.1898,45.5875],[-73.1856,45.6296],[-73.1302,45.5892],[-73.1315,45.5876],[-73.1353,45.5898],[-73.1397,45.5694],[-73.1395,45.5658],[-73.1289,45.5575],[-73.1286,45.5518],[-73.1353,45.5414],[-73.1406,45.5412],[-73.1474,45.5357],[-73.1437,45.5332],[-73.1501,45.5263],[-73.1604,45.5203],[-73.1721,45.5287],[-73.1924,45.5164],[-73.1964,45.5107],[-73.2134,45.5223],[-73.207,45.5307],[-73.1904,45.5384],[-73.1855,45.5453],[-73.2008,45.5533]]]},"properties":{"csduid":"2457035","name":"Mont-Saint-Hilaire","zone":"C","pop":18859,"jobs":3780,"jobs_proxy":false,"clat":45.5652,"clon":-73.1811,"dist_cbd_km":31.0}},{"type":"Feature","geometry":{"type":"Polygon","coordinates":[[[-73.9257,45.5432],[-73.9179,45.5476],[-73.9202,45.5592],[-73.912,45.5571],[-73.9029,45.5504],[-73.9007,45.5511],[-73.9051,45.5544],[-73.9009,45.5559],[-73.8907,45.5484],[-73.8897,45.5431],[-73.8818,45.5363],[-73.8914,45.5306],[-73.8987,45.53],[-73.9088,45.5311],[-73.9257,45.5432]]]},"properties":{"csduid":"2472010","name":"Deux-Montagnes","zone":"C","pop":17915,"jobs":2315,"jobs_proxy":false,"clat":45.5435,"clon":-73.9039,"dist_cbd_km":26.56}},{"type":"Feature","geometry":{"type":"MultiPolygon","coordinates":[[[[-73.5357,45.4019],[-73.5355,45.4019],[-73.536,45.4009],[-73.5357,45.4019]]],[[[-73.5441,45.407],[-73.5451,45.4074],[-73.5333,45.4078],[-73.5441,45.407]]],[[[-73.5888,45.4084],[-73.6016,45.4068],[-73.5971,45.4105],[-73.5776,45.4101],[-73.5744,45.4118],[-73.5707,45.409],[-73.5326,45.4096],[-73.5888,45.4084]]],[[[-73.5499,45.4009],[-73.54,45.4025],[-73.5479,45.3875],[-73.566,45.3877],[-73.5861,45.3947],[-73.5957,45.3952],[-73.6007,45.3852],[-73.6119,45.3848],[-73.6022,45.4056],[-73.5852,45.4075],[-73.5775,45.4026],[-73.576,45.4061],[-73.5655,45.4057],[-73.5499,45.4009]]],[[[-73.5441,45.4043],[-73.5438,45.4042],[-73.5447,45.4037],[-73.5441,45.4043]]],[[[-73.5438,45.405],[-73.5438,45.4048],[-73.5441,45.4048],[-73.5438,45.405]]],[[[-73.5438,45.4056],[-73.5439,45.4055],[-73.5441,45.4055],[-73.5438,45.4056]]],[[[-73.5438,45.4061],[-73.544,45.406],[-73.5441,45.4061],[-73.5438,45.4061]]],[[[-73.5494,45.4021],[-73.5501,45.402],[-73.5632,45.4064],[-73.5548,45.4066],[-73.5494,45.4021]]],[[[-73.545,45.4034],[-73.5465,45.4024],[-73.5494,45.4021],[-73.545,45.4034]]],[[[-73.5718,45.4063],[-73.5768,45.4067],[-73.5614,45.4078],[-73.5718,45.4063]]],[[[-73.5662,45.4096],[-73.5667,45.4095],[-73.5666,45.4096],[-73.5662,45.4096]]]]},"properties":{"csduid":"2467030","name":"Sainte-Catherine","zone":"C","pop":17347,"jobs":3505,"jobs_proxy":false,"clat":45.3962,"clon":-73.5627,"dist_cbd_km":11.65}},{"type":"Feature","geometry":{"type":"Polygon","coordinates":[[[-73.3163,45.5158],[-73.2946,45.5404],[-73.2889,45.5752],[-73.2318,45.5351],[-73.2433,45.514],[-73.2676,45.4838],[-73.2752,45.4819],[-73.2788,45.4811],[-73.2905,45.49],[-73.2896,45.4851],[-73.3027,45.4954],[-73.2993,45.4974],[-73.3223,45.5136],[-73.3163,45.5158]]]},"properties":{"csduid":"2457020","name":"Saint-Basile-le-Grand","zone":"C","pop":17053,"jobs":2485,"jobs_proxy":false,"clat":45.5235,"clon":-73.2899,"dist_cbd_km":21.85}},{"type":"Feature","geometry":{"type":"Polygon","coordinates":[[[-73.8382,45.7226],[-73.8465,45.7218],[-73.912,45.7661],[-73.8602,45.8023],[-73.8687,45.8086],[-73.824,45.8169],[-73.7307,45.7543],[-73.7505,45.7501],[-73.7451,45.7327],[-73.7509,45.7328],[-73.7589,45.7285],[-73.7557,45.7171],[-73.7648,45.7128],[-73.7939,45.7174],[-73.7975,45.7164],[-73.8017,45.7195],[-73.8382,45.7226]]]},"properties":{"csduid":"2473035","name":"Sainte-Anne-des-Plaines","zone":"C","pop":15221,"jobs":3095,"jobs_proxy":false,"clat":45.7628,"clon":-73.8169,"dist_cbd_km":34.95}},{"type":"Feature","geometry":{"type":"MultiPolygon","coordinates":[[[[-73.9924,45.3743],[-73.9969,45.3762],[-73.9957,45.3791],[-74.0003,45.3806],[-73.9987,45.3869],[-73.9762,45.3904],[-73.9622,45.3827],[-73.961,45.3844],[-73.9582,45.3832],[-73.9592,45.3795],[-73.9765,45.3756],[-73.9701,45.3544],[-73.9759,45.3558],[-73.9823,45.3539],[-73.9836,45.3575],[-73.9927,45.3598],[-73.9978,45.3682],[-73.9924,45.3743]]],[[[-74.0005,45.3811],[-74.0007,45.3809],[-74.0012,45.3815],[-74.0005,45.3811]]],[[[-74.0012,45.3829],[-74.0009,45.3831],[-74.0008,45.3823],[-74.0012,45.3829]]]]},"properties":{"csduid":"2471070","name":"Pincourt","zone":"C","pop":14751,"jobs":1910,"jobs_proxy":false,"clat":45.3741,"clon":-73.9812,"dist_cbd_km":35.16}},{"type":"Feature","geometry":{"type":"Polygon","coordinates":[[[-73.7984,45.3038],[-73.7928,45.3174],[-73.7745,45.3224],[-73.77,45.3268],[-73.7638,45.3286],[-73.7505,45.3462],[-73.705,45.3416],[-73.6878,45.3367],[-73.7343,45.2559],[-73.7984,45.3038]]]},"properties":{"csduid":"2467045","name":"Mercier","zone":"C","pop":14626,"jobs":2180,"jobs_proxy":false,"clat":45.3171,"clon":-73.7425,"dist_cbd_km":24.54}},{"type":"Feature","geometry":{"type":"MultiPolygon","coordinates":[[[[-73.8008,45.6192],[-73.801,45.6226],[-73.8014,45.6193],[-73.8045,45.6199],[-73.8104,45.6186],[-73.8285,45.6302],[-73.8216,45.6323],[-73.8122,45.6402],[-73.8127,45.6447],[-73.8056,45.6502],[-73.8004,45.651],[-73.7986,45.649],[-73.7958,45.6512],[-73.7906,45.651],[-73.8025,45.6586],[-73.7936,45.6647],[-73.7702,45.6502],[-73.7824,45.6414],[-73.7801,45.6407],[-73.7811,45.6359],[-73.7885,45.6312],[-73.7929,45.6313],[-73.791,45.6288],[-73.8008,45.6192]]],[[[-73.7786,45.6433],[-73.7775,45.6434],[-73.7777,45.643],[-73.7786,45.6433]]],[[[-73.779,45.6415],[-73.7798,45.642],[-73.7789,45.6429],[-73.779,45.6415]]],[[[-73.7912,45.6227],[-73.7909,45.6226],[-73.7913,45.6222],[-73.7912,45.6227]]],[[[-73.7902,45.6256],[-73.7898,45.6262],[-73.7904,45.6244],[-73.7902,45.6256]]],[[[-73.7989,45.619],[-73.7921,45.6244],[-73.7946,45.6178],[-73.7989,45.619]]],[[[-73.8023,45.6137],[-73.8009,45.614],[-73.8017,45.6123],[-73.8023,45.6137]]],[[[-73.8065,45.6114],[-73.8066,45.6141],[-73.8049,45.6124],[-73.8049,45.6139],[-73.8006,45.6153],[-73.8035,45.6134],[-73.8036,45.6117],[-73.8065,45.6114]]],[[[-73.8041,45.6158],[-73.8026,45.6171],[-73.8021,45.6171],[-73.8041,45.6158]]],[[[-73.8059,45.6162],[-73.8085,45.617],[-73.8083,45.6188],[-73.8037,45.6184],[-73.8059,45.6162]]],[[[-73.8055,45.6148],[-73.8065,45.6153],[-73.8055,45.6156],[-73.8055,45.6148]]]]},"properties":{"csduid":"2473020","name":"Rosemère","zone":"C","pop":14090,"jobs":4870,"jobs_proxy":false,"clat":45.6405,"clon":-73.7963,"dist_cbd_km":23.57}},{"type":"Feature","geometry":{"type":"MultiPolygon","coordinates":[[[[-73.9272,45.3027],[-73.9133,45.3237],[-73.9116,45.319],[-73.9137,45.3154],[-73.9033,45.3132],[-73.9028,45.3161],[-73.8868,45.3155],[-73.8809,45.3195],[-73.8791,45.3157],[-73.86,45.3192],[-73.8489,45.3188],[-73.8533,45.3255],[-73.8423,45.3295],[-73.8396,45.3281],[-73.8327,45.3301],[-73.8113,45.3137],[-73.8119,45.3064],[-73.8238,45.2895],[-73.8251,45.2861],[-73.8223,45.2833],[-73.8268,45.2786],[-73.8195,45.2776],[-73.8196,45.2754],[-73.8436,45.2415],[-73.8744,45.2647],[-73.8824,45.2524],[-73.8984,45.2645],[-73.9114,45.2711],[-73.9231,45.2595],[-73.9512,45.256],[-73.925,45.2881],[-73.9136,45.2967],[-73.9155,45.2979],[-73.9129,45.2972],[-73.9059,45.3027],[-73.9026,45.3077],[-73.9036,45.3127],[-73.9138,45.3149],[-73.9309,45.2944],[-73.9272,45.3027]]],[[[-73.8394,45.3323],[-73.8392,45.3322],[-73.8396,45.3316],[-73.8394,45.3323]]],[[[-73.8389,45.3387],[-73.8388,45.3389],[-73.8383,45.3389],[-73.8389,45.3387]]],[[[-73.8443,45.333],[-73.8418,45.3334],[-73.8432,45.3325],[-73.8443,45.333]]],[[[-73.8447,45.3373],[-73.8485,45.3389],[-73.8501,45.339],[-73.8497,45.3396],[-73.8407,45.3385],[-73.8447,45.3373]]],[[[-73.8456,45.3369],[-73.8483,45.337],[-73.8474,45.3354],[-73.8449,45.3356],[-73.8468,45.3347],[-73.8511,45.3353],[-73.8507,45.3382],[-73.8501,45.339],[-73.8456,45.3369]]],[[[-73.8434,45.3347],[-73.8424,45.3351],[-73.8436,45.334],[-73.8434,45.3347]]],[[[-73.8429,45.3377],[-73.8425,45.3378],[-73.8426,45.3372],[-73.8429,45.3377]]],[[[-73.8476,45.3307],[-73.8488,45.3305],[-73.8461,45.3324],[-73.8476,45.3307]]],[[[-73.8503,45.3308],[-73.8572,45.3306],[-73.8527,45.334],[-73.8483,45.3333],[-73.8503,45.3308]]],[[[-73.8466,45.3397],[-73.8493,45.3404],[-73.8483,45.3409],[-73.8466,45.3397]]],[[[-73.8474,45.3404],[-73.8473,45.3409],[-73.8469,45.3408],[-73.8465,45.3403],[-73.8474,45.3404]]],[[[-73.8475,45.3397],[-73.8474,45.3396],[-73.8479,45.3394],[-73.8475,45.3397]]],[[[-73.8542,45.3275],[-73.8554,45.3271],[-73.8557,45.3287],[-73.8542,45.3275]]],[[[-73.8614,45.3264],[-73.86,45.328],[-73.8589,45.3243],[-73.8628,45.3231],[-73.8614,45.3264]]],[[[-73.8581,45.3302],[-73.8581,45.3316],[-73.8572,45.33],[-73.8581,45.3302]]],[[[-73.9074,45.3154],[-73.9058,45.3172],[-73.9057,45.3152],[-73.9074,45.3154]]],[[[-73.9093,45.3087],[-73.9093,45.3086],[-73.9095,45.3086],[-73.9093,45.3087]]],[[[-73.9089,45.3165],[-73.9087,45.3165],[-73.91,45.3148],[-73.9089,45.3165]]],[[[-73.9103,45.317],[-73.9087,45.3183],[-73.9107,45.315],[-73.9103,45.317]]],[[[-73.9142,45.3083],[-73.9141,45.3083],[-73.9141,45.3082],[-73.9142,45.3083]]],[[[-73.9189,45.3078],[-73.9189,45.3077],[-73.919,45.3077],[-73.9189,45.3078]]],[[[-73.9548,45.2693],[-73.9642,45.3041],[-73.9721,45.3127],[-73.9686,45.3158],[-73.9749,45.3191],[-73.9683,45.316],[-73.9667,45.3204],[-73.9594,45.3145],[-73.9434,45.3188],[-73.9442,45.3231],[-73.9431,45.3192],[-73.9216,45.3185],[-73.9163,45.3242],[-73.9289,45.3012],[-73.9548,45.2693]]],[[[-73.9346,45.3205],[-73.9348,45.3204],[-73.9349,45.3205],[-73.9346,45.3205]]],[[[-73.9349,45.3205],[-73.935,45.3205],[-73.935,45.3207],[-73.9349,45.3205]]],[[[-73.9686,45.3176],[-73.9688,45.3178],[-73.9683,45.3177],[-73.9686,45.3176]]],[[[-73.9682,45.319],[-73.9684,45.319],[-73.9683,45.3194],[-73.9682,45.319]]],[[[-73.9688,45.3187],[-73.9688,45.3181],[-73.9692,45.3184],[-73.9688,45.3187]]],[[[-73.9689,45.3179],[-73.97,45.3181],[-73.97,45.3186],[-73.9689,45.3179]]],[[[-73.9694,45.3189],[-73.9701,45.3199],[-73.9687,45.3189],[-73.9694,45.3189]]]]},"properties":{"csduid":"2470022","name":"Beauharnois","zone":"C","pop":13638,"jobs":3440,"jobs_proxy":false,"clat":45.3109,"clon":-73.8851,"dist_cbd_km":32.53}},{"type":"Feature","geometry":{"type":"Polygon","coordinates":[[[-73.305,45.622],[-73.3451,45.6508],[-73.3315,45.6724],[-73.3378,45.6772],[-73.3226,45.6921],[-73.3104,45.6826],[-73.2881,45.6961],[-73.2581,45.6747],[-73.2631,45.6577],[-73.276,45.6496],[-73.2619,45.6388],[-73.2725,45.6331],[-73.2749,45.6265],[-73.2761,45.6276],[-73.2834,45.6188],[-73.2995,45.6301],[-73.305,45.622]]]},"properties":{"csduid":"2459015","name":"Saint-Amable","zone":"C","pop":13322,"jobs":1375,"jobs_proxy":false,"clat":45.6458,"clon":-73.3,"dist_cbd_km":26.38}},{"type":"Feature","geometry":{"type":"MultiPolygon","coordinates":[[[[-73.2526,45.3849],[-73.2573,45.3822],[-73.2748,45.3826],[-73.2897,45.3931],[-73.2841,45.4107],[-73.2822,45.4087],[-73.2772,45.4088],[-73.2492,45.4135],[-73.2489,45.4234],[-73.2579,45.4386],[-73.2545,45.4392],[-73.2479,45.4314],[-73.2427,45.4152],[-73.2559,45.4034],[-73.2526,45.3849]]],[[[-73.313,45.4493],[-73.3079,45.4457],[-73.3113,45.4461],[-73.3118,45.4429],[-73.3152,45.4439],[-73.3294,45.4371],[-73.3115,45.4248],[-73.3159,45.4113],[-73.3083,45.4061],[-73.3099,45.4027],[-73.3236,45.3917],[-73.3268,45.3832],[-73.3388,45.3855],[-73.3474,45.3903],[-73.3487,45.3861],[-73.3867,45.4132],[-73.3808,45.4226],[-73.387,45.4276],[-73.3836,45.4298],[-73.3779,45.4275],[-73.3764,45.4289],[-73.381,45.4321],[-73.3775,45.4366],[-73.3792,45.4379],[-73.3734,45.4384],[-73.3756,45.442],[-73.3666,45.447],[-73.3631,45.4447],[-73.3462,45.467],[-73.3388,45.482],[-73.3353,45.4793],[-73.3264,45.5043],[-73.3321,45.5086],[-73.3223,45.5136],[-73.2993,45.4974],[-73.3027,45.4954],[-73.2896,45.4851],[-73.2905,45.49],[-73.2788,45.4811],[-73.2676,45.4838],[-73.2804,45.465],[-73.3053,45.4616],[-73.3094,45.4515],[-73.313,45.4493]]]]},"properties":{"csduid":"2457010","name":"Carignan","zone":"C","pop":11740,"jobs":1125,"jobs_proxy":false,"clat":45.4523,"clon":-73.3192,"dist_cbd_km":20.17}},{"type":"Feature","geometry":{"type":"MultiPolygon","coordinates":[[[[-73.961,45.3844],[-73.9622,45.3827],[-73.9864,45.397],[-73.975,45.3993],[-73.9739,45.3982],[-73.9726,45.3979],[-73.9728,45.3999],[-73.9676,45.397],[-73.9645,45.3973],[-73.9533,45.4007],[-73.9473,45.3994],[-73.9511,45.3958],[-73.948,45.3937],[-73.9377,45.3938],[-73.9462,45.3757],[-73.9549,45.3732],[-73.9521,45.3835],[-73.961,45.3844]]],[[[-73.9454,45.3995],[-73.9438,45.3969],[-73.944,45.397],[-73.9454,45.3995]]],[[[-73.9465,45.3994],[-73.9464,45.3996],[-73.9444,45.3969],[-73.9465,45.3994]]],[[[-73.9615,45.4014],[-73.9587,45.4018],[-73.9563,45.4013],[-73.9673,45.3974],[-73.9687,45.4014],[-73.9615,45.4014]]],[[[-73.9597,45.3996],[-73.9594,45.3996],[-73.9595,45.3994],[-73.9597,45.3996]]],[[[-73.9627,45.4034],[-73.9619,45.4034],[-73.9625,45.4031],[-73.9627,45.4034]]],[[[-73.9626,45.4057],[-73.9627,45.4059],[-73.9618,45.4054],[-73.9626,45.4057]]],[[[-73.9628,45.4047],[-73.9626,45.4046],[-73.963,45.4045],[-73.9628,45.4047]]],[[[-73.9646,45.4052],[-73.9644,45.4055],[-73.9639,45.405],[-73.9646,45.4052]]],[[[-73.9676,45.403],[-73.969,45.4043],[-73.9664,45.4047],[-73.9676,45.403]]],[[[-73.9674,45.4063],[-73.9657,45.4063],[-73.9667,45.406],[-73.9674,45.4063]]],[[[-73.9697,45.4018],[-73.9692,45.4016],[-73.9696,45.4015],[-73.9697,45.4018]]],[[[-73.9682,45.4075],[-73.9698,45.4086],[-73.9685,45.4087],[-73.9682,45.4075]]],[[[-73.9686,45.406],[-73.9683,45.4058],[-73.9689,45.4058],[-73.9686,45.406]]],[[[-73.9711,45.4074],[-73.9711,45.4077],[-73.9684,45.4073],[-73.9711,45.4074]]],[[[-73.9736,45.4017],[-73.9709,45.4017],[-73.9713,45.4014],[-73.9736,45.4017]]],[[[-73.9722,45.4004],[-73.9724,45.4008],[-73.9719,45.4007],[-73.9722,45.4004]]],[[[-73.9726,45.4011],[-73.9724,45.4009],[-73.9727,45.4009],[-73.9726,45.4011]]],[[[-73.974,45.4005],[-73.974,45.4009],[-73.9736,45.4007],[-73.974,45.4005]]],[[[-73.9782,45.4018],[-73.9777,45.4013],[-73.9783,45.4012],[-73.9782,45.4018]]],[[[-73.9798,45.4066],[-73.9795,45.4065],[-73.9805,45.4063],[-73.9798,45.4066]]]]},"properties":{"csduid":"2471060","name":"L'Île-Perrot","zone":"C","pop":11638,"jobs":2180,"jobs_proxy":false,"clat":45.3901,"clon":-73.9539,"dist_cbd_km":32.5}},{"type":"Feature","geometry":{"type":"MultiPolygon","coordinates":[[[[-73.9235,45.3561],[-73.9322,45.3573],[-73.9481,45.3537],[-73.9569,45.3491],[-73.9656,45.3519],[-73.9701,45.3544],[-73.9765,45.3756],[-73.9592,45.3795],[-73.9578,45.3845],[-73.9521,45.3835],[-73.9549,45.3732],[-73.9462,45.3757],[-73.9377,45.3938],[-73.9282,45.3939],[-73.9325,45.3915],[-73.9265,45.3899],[-73.9222,45.391],[-73.9199,45.3927],[-73.9145,45.3914],[-73.915,45.3895],[-73.9085,45.3942],[-73.9003,45.3959],[-73.8954,45.3923],[-73.901,45.3896],[-73.8985,45.3832],[-73.8835,45.3701],[-73.8769,45.3701],[-73.863,45.3758],[-73.8584,45.3727],[-73.8548,45.373],[-73.8564,45.3687],[-73.852,45.3659],[-73.874,45.3611],[-73.8763,45.3573],[-73.8966,45.3526],[-73.9064,45.3453],[-73.9112,45.3509],[-73.9181,45.352],[-73.9235,45.3561]]],[[[-73.885,45.4043],[-73.8848,45.4042],[-73.8854,45.4042],[-73.885,45.4043]]],[[[-73.8936,45.4031],[-73.8868,45.4046],[-73.8863,45.4032],[-73.8915,45.3993],[-73.895,45.4002],[-73.8994,45.3996],[-73.9021,45.4026],[-73.8998,45.4047],[-73.8973,45.4039],[-73.8943,45.4075],[-73.8936,45.4031]]],[[[-73.8917,45.3972],[-73.8918,45.3976],[-73.8911,45.3977],[-73.8917,45.3972]]],[[[-73.8921,45.3969],[-73.8969,45.3972],[-73.8951,45.3987],[-73.8921,45.3969]]],[[[-73.8952,45.3995],[-73.895,45.3995],[-73.895,45.3994],[-73.8952,45.3995]]],[[[-73.8965,45.4059],[-73.8971,45.4062],[-73.8968,45.4064],[-73.8965,45.4059]]],[[[-73.9037,45.3962],[-73.9036,45.3962],[-73.9032,45.3957],[-73.9037,45.3962]]],[[[-73.9071,45.3959],[-73.9064,45.396],[-73.9063,45.3957],[-73.9071,45.3959]]],[[[-73.9064,45.3966],[-73.9066,45.3966],[-73.9066,45.3968],[-73.9064,45.3966]]],[[[-73.9077,45.3974],[-73.9078,45.3972],[-73.9079,45.3974],[-73.9077,45.3974]]]]},"properties":{"csduid":"2471065","name":"Notre-Dame-de-l'Île-Perrot","zone":"C","pop":11427,"jobs":1140,"jobs_proxy":false,"clat":45.3762,"clon":-73.9184,"dist_cbd_km":30.63}},{"type":"Feature","geometry":{"type":"Polygon","coordinates":[[[-73.1965,45.4114],[-73.2111,45.4212],[-73.2031,45.4221],[-73.2022,45.4329],[-73.2051,45.4333],[-73.202,45.4372],[-73.206,45.444],[-73.2023,45.4443],[-73.1988,45.4517],[-73.2041,45.4544],[-73.1978,45.4607],[-73.2004,45.4617],[-73.1967,45.4644],[-73.1975,45.4721],[-73.1887,45.4708],[-73.1854,45.4731],[-73.1874,45.4753],[-73.1757,45.4714],[-73.1707,45.4744],[-73.1686,45.4804],[-73.1715,45.4861],[-73.1681,45.4904],[-73.0951,45.4393],[-73.0973,45.4225],[-73.1253,45.4149],[-73.1204,45.4031],[-73.1621,45.3921],[-73.1552,45.3791],[-73.1597,45.3777],[-73.1795,45.3913],[-73.1994,45.3777],[-73.1985,45.4023],[-73.1935,45.404],[-73.1965,45.4114]]]},"properties":{"csduid":"2455048","name":"Marieville","zone":"D","pop":11332,"jobs":4533,"jobs_proxy":true,"clat":45.4319,"clon":-73.1609,"dist_cbd_km":32.69}},{"type":"Feature","geometry":{"type":"MultiPolygon","coordinates":[[[[-73.762,45.6652],[-73.7834,45.6803],[-73.7786,45.6815],[-73.7776,45.6856],[-73.7723,45.6818],[-73.7671,45.6858],[-73.7582,45.6798],[-73.7566,45.6807],[-73.7464,45.67],[-73.7515,45.6634],[-73.7634,45.6585],[-73.7678,45.6538],[-73.7726,45.6567],[-73.762,45.6652]]],[[[-73.7637,45.6539],[-73.7663,45.6533],[-73.7568,45.6598],[-73.7637,45.6539]]],[[[-73.7655,45.6522],[-73.7657,45.652],[-73.7661,45.6522],[-73.7655,45.6522]]]]},"properties":{"csduid":"2473030","name":"Bois-des-Filion","zone":"C","pop":10159,"jobs":2635,"jobs_proxy":false,"clat":45.6709,"clon":-73.7632,"dist_cbd_km":24.23}},{"type":"Feature","geometry":{"type":"MultiPolygon","coordinates":[[[[-73.767,45.6519],[-73.7661,45.6522],[-73.7669,45.6503],[-73.767,45.6519]]],[[[-73.7936,45.6647],[-73.7964,45.6624],[-73.8074,45.6698],[-73.7889,45.684],[-73.762,45.6652],[-73.7726,45.6567],[-73.7678,45.6538],[-73.7702,45.6504],[-73.7699,45.6531],[-73.7711,45.6552],[-73.7725,45.6563],[-73.7728,45.6564],[-73.773,45.6566],[-73.7736,45.6564],[-73.7744,45.6553],[-73.778,45.6555],[-73.7789,45.6551],[-73.7936,45.6647]]],[[[-73.7706,45.6504],[-73.7789,45.655],[-73.7744,45.6551],[-73.7728,45.6564],[-73.7706,45.6504]]]]},"properties":{"csduid":"2473025","name":"Lorraine","zone":"C","pop":9502,"jobs":645,"jobs_proxy":false,"clat":45.6692,"clon":-73.7822,"dist_cbd_km":25.04}},{"type":"Feature","geometry":{"type":"MultiPolygon","coordinates":[[[[-73.2593,45.8442],[-73.2483,45.8494],[-73.2454,45.8547],[-73.2305,45.8651],[-73.2103,45.8967],[-73.2093,45.8945],[-73.2096,45.9223],[-73.2035,45.9487],[-73.1811,45.9807],[-73.1649,45.9688],[-73.1685,45.9609],[-73.1797,45.9508],[-73.1834,45.9421],[-73.1881,45.9228],[-73.1875,45.892],[-73.1917,45.8933],[-73.1956,45.8843],[-73.2039,45.8754],[-73.1847,45.8619],[-73.194,45.8513],[-73.2089,45.84],[-73.2251,45.816],[-73.2268,45.8174],[-73.2382,45.8103],[-73.2461,45.8002],[-73.2487,45.8021],[-73.2582,45.7957],[-73.254,45.7929],[-73.2602,45.7897],[-73.2646,45.7929],[-73.2686,45.7912],[-73.2578,45.7834],[-73.26,45.7819],[-73.2621,45.7835],[-73.2637,45.7811],[-73.3072,45.8125],[-73.3033,45.8183],[-73.2875,45.825],[-73.2833,45.8327],[-73.2593,45.8442]]],[[[-73.2296,45.8831],[-73.2226,45.8896],[-73.2251,45.8833],[-73.2296,45.8831]]],[[[-73.2349,45.8725],[-73.2294,45.8749],[-73.231,45.8716],[-73.2349,45.8725]]],[[[-73.2381,45.8631],[-73.2441,45.8652],[-73.2384,45.8703],[-73.2329,45.8698],[-73.2381,45.8631]]],[[[-73.2268,45.8894],[-73.2325,45.8871],[-73.2243,45.8956],[-73.2268,45.8894]]],[[[-73.246,45.8628],[-73.2382,45.8625],[-73.2428,45.859],[-73.2459,45.859],[-73.246,45.8628]]],[[[-73.2188,45.9244],[-73.2192,45.9117],[-73.2276,45.904],[-73.2202,45.9257],[-73.2188,45.9244]]],[[[-73.2424,45.8636],[-73.2445,45.8633],[-73.2449,45.8647],[-73.2424,45.8636]]],[[[-73.2472,45.8566],[-73.2456,45.8565],[-73.2485,45.8539],[-73.2525,45.8541],[-73.2472,45.8566]]],[[[-73.2375,45.8771],[-73.2373,45.8771],[-73.2375,45.8769],[-73.2375,45.8771]]],[[[-73.249,45.8566],[-73.2494,45.8568],[-73.2464,45.8574],[-73.249,45.8566]]],[[[-73.2493,45.8509],[-73.2593,45.8442],[-73.2737,45.8388],[-73.2667,45.8433],[-73.2699,45.8432],[-73.265,45.8485],[-73.2498,45.8526],[-73.2534,45.8508],[-73.2493,45.8509]]],[[[-73.2497,45.8621],[-73.2496,45.8571],[-73.2551,45.8527],[-73.2638,45.8511],[-73.2575,45.8566],[-73.2598,45.8607],[-73.253,45.867],[-73.2536,45.8613],[-73.2497,45.8621]]],[[[-73.2509,45.869],[-73.249,45.8678],[-73.2512,45.8649],[-73.2521,45.8687],[-73.246,45.8719],[-73.2509,45.869]]]]},"properties":{"csduid":"2459035","name":"Contrecoeur","zone":"C","pop":9480,"jobs":3792,"jobs_proxy":true,"clat":45.8673,"clon":-73.2256,"dist_cbd_km":48.67}},{"type":"Feature","geometry":{"type":"Polygon","coordinates":[[[-73.4694,45.8308],[-73.4895,45.8169],[-73.4782,45.8085],[-73.4798,45.8076],[-73.4889,45.814],[-73.4975,45.8131],[-73.5083,45.8194],[-73.5113,45.8147],[-73.5098,45.8128],[-73.5132,45.8109],[-73.5158,45.8135],[-73.5242,45.814],[-73.5261,45.7937],[-73.5505,45.7934],[-73.5495,45.8163],[-73.5786,45.8213],[-73.577,45.8277],[-73.5594,45.8249],[-73.5571,45.8364],[-73.546,45.8434],[-73.5387,45.8421],[-73.5354,45.8608],[-73.5318,45.8619],[-73.5385,45.8664],[-73.5354,45.869],[-73.538,45.8708],[-73.5309,45.8672],[-73.5286,45.8689],[-73.5335,45.872],[-73.5281,45.8696],[-73.5247,45.8711],[-73.5325,45.8766],[-73.501,45.898],[-73.5009,45.9009],[-73.4955,45.8991],[-73.4934,45.9025],[-73.4872,45.9],[-73.4892,45.8929],[-73.482,45.8917],[-73.4816,45.8964],[-73.4473,45.8729],[-73.4616,45.8624],[-73.4562,45.8617],[-73.4562,45.8581],[-73.4549,45.8617],[-73.4503,45.8619],[-73.4523,45.8642],[-73.4494,45.8619],[-73.4436,45.8618],[-73.4452,45.853],[-73.4399,45.8486],[-73.4452,45.8402],[-73.4458,45.8476],[-73.4611,45.8518],[-73.4799,45.8401],[-73.4694,45.8308]]]},"properties":{"csduid":"2460037","name":"L'Épiphanie","zone":"D","pop":8883,"jobs":1520,"jobs_proxy":false,"clat":45.8511,"clon":-73.4952,"dist_cbd_km":39.35}},{"type":"Feature","geometry":{"type":"Polygon","coordinates":[[[-73.2134,45.5223],[-73.2318,45.5351],[-73.2253,45.5414],[-73.211,45.5466],[-73.2092,45.5493],[-73.2048,45.5486],[-73.2008,45.5533],[-73.1855,45.5454],[-73.1908,45.5382],[-73.2068,45.5308],[-73.2134,45.5223]]]},"properties":{"csduid":"2457030","name":"Otterburn Park","zone":"C","pop":8479,"jobs":525,"jobs_proxy":false,"clat":45.5397,"clon":-73.2053,"dist_cbd_km":28.62}},{"type":"Feature","geometry":{"type":"Polygon","coordinates":[[[-73.5688,45.3736],[-73.5625,45.3739],[-73.5617,45.3788],[-73.5514,45.3787],[-73.5539,45.3867],[-73.5479,45.3875],[-73.5419,45.4014],[-73.5381,45.4029],[-73.5357,45.4019],[-73.5372,45.3975],[-73.5345,45.3976],[-73.5384,45.3928],[-73.5337,45.3928],[-73.538,45.3895],[-73.5344,45.3875],[-73.5362,45.3765],[-73.521,45.3689],[-73.5241,45.3665],[-73.5198,45.3634],[-73.5202,45.3484],[-73.5258,45.3518],[-73.5246,45.3532],[-73.5373,45.3591],[-73.5385,45.3631],[-73.5688,45.3736]]]},"properties":{"csduid":"2467025","name":"Delson","zone":"C","pop":8328,"jobs":3810,"jobs_proxy":false,"clat":45.3816,"clon":-73.5452,"dist_cbd_km":13.39}},{"type":"Feature","geometry":{"type":"MultiPolygon","coordinates":[[[[-74.3353,45.4575],[-74.4214,45.4398],[-74.3913,45.5314],[-74.3737,45.5189],[-74.3524,45.5318],[-74.351,45.5293],[-74.3532,45.5285],[-74.3511,45.5288],[-74.3496,45.5249],[-74.3537,45.5253],[-74.3542,45.5221],[-74.3558,45.5222],[-74.3566,45.5216],[-74.3585,45.5216],[-74.3587,45.5201],[-74.3537,45.5217],[-74.3478,45.5197],[-74.3402,45.509],[-74.33,45.5044],[-74.3405,45.5033],[-74.3356,45.4964],[-74.3309,45.4954],[-74.3265,45.4975],[-74.3251,45.4959],[-74.3229,45.4975],[-74.3237,45.4942],[-74.3102,45.4924],[-74.3098,45.4992],[-74.2867,45.5032],[-74.2893,45.5014],[-74.2878,45.4995],[-74.2788,45.5001],[-74.2673,45.4976],[-74.268,45.4945],[-74.2632,45.495],[-74.2608,45.4921],[-74.2386,45.4957],[-74.2449,45.4838],[-74.2413,45.4807],[-74.2399,45.4801],[-74.2394,45.48],[-74.2389,45.4796],[-74.2368,45.4787],[-74.23,45.4795],[-74.2293,45.4818],[-74.2228,45.482],[-74.2186,45.4857],[-74.2156,45.4832],[-74.2303,45.43],[-74.3298,45.4441],[-74.3353,45.4575]]],[[[-74.2617,45.4959],[-74.2615,45.4969],[-74.2615,45.4957],[-74.2617,45.4959]]],[[[-74.2682,45.4983],[-74.2681,45.4982],[-74.2682,45.4982],[-74.2682,45.4983]]],[[[-74.3189,45.4983],[-74.3195,45.499],[-74.3182,45.4988],[-74.3189,45.4983]]],[[[-74.3184,45.4993],[-74.3183,45.4991],[-74.3184,45.4991],[-74.3184,45.4993]]],[[[-74.3557,45.5217],[-74.356,45.5216],[-74.3557,45.522],[-74.3557,45.5217]]]]},"properties":{"csduid":"2471133","name":"Rigaud","zone":"D","pop":7854,"jobs":3142,"jobs_proxy":true,"clat":45.472,"clon":-74.2947,"dist_cbd_km":56.71}},{"type":"Feature","geometry":{"type":"Polygon","coordinates":[[[-73.4436,45.3037],[-73.4639,45.2942],[-73.4607,45.289],[-73.476,45.2808],[-73.4793,45.2858],[-73.477,45.2869],[-73.4801,45.2903],[-73.4771,45.2918],[-73.4786,45.2941],[-73.4863,45.2916],[-73.4884,45.2942],[-73.4928,45.2926],[-73.4931,45.3046],[-73.4997,45.3111],[-73.4865,45.3178],[-73.5053,45.3106],[-73.5029,45.3148],[-73.5054,45.3159],[-73.5013,45.3179],[-73.5093,45.3231],[-73.5113,45.334],[-73.5016,45.339],[-73.5039,45.3419],[-73.4916,45.3478],[-73.501,45.3594],[-73.4974,45.3588],[-73.488,45.3635],[-73.4974,45.3632],[-73.4938,45.3741],[-73.496,45.3751],[-73.4784,45.3842],[-73.4866,45.3881],[-73.4845,45.3913],[-73.4822,45.3902],[-73.4775,45.3937],[-73.3904,45.3553],[-73.3949,45.3497],[-73.405,45.3459],[-73.4095,45.3277],[-73.4212,45.3177],[-73.425,45.3192],[-73.4439,45.3106],[-73.4436,45.3037]]]},"properties":{"csduid":"2467010","name":"Saint-Philippe","zone":"C","pop":7597,"jobs":820,"jobs_proxy":false,"clat":45.3618,"clon":-73.477,"dist_cbd_km":17.03}},{"type":"Feature","geometry":{"type":"Polygon","coordinates":[[[-73.6442,45.4739],[-73.6561,45.4792],[-73.6562,45.4844],[-73.651,45.489],[-73.6295,45.4783],[-73.6442,45.4739]]]},"properties":{"csduid":"2466062","name":"Hampstead","zone":"A","pop":7037,"jobs":645,"jobs_proxy":false,"clat":45.4807,"clon":-73.6444,"dist_cbd_km":6.34}},{"type":"Feature","geometry":{"type":"Polygon","coordinates":[[[-74.0328,45.5192],[-74.0411,45.5131],[-74.0807,45.5412],[-74.049,45.5624],[-74.0451,45.5609],[-74.0352,45.5682],[-74.0188,45.5669],[-73.9528,45.5185],[-73.9979,45.4928],[-74.0328,45.5192]]]},"properties":{"csduid":"2472025","name":"Saint-Joseph-du-Lac","zone":"C","pop":7031,"jobs":1300,"jobs_proxy":false,"clat":45.5215,"clon":-73.9883,"dist_cbd_km":32.8}},{"type":"Feature","geometry":{"type":"Polygon","coordinates":[[[-73.4876,45.7139],[-73.4884,45.7176],[-73.4973,45.7215],[-73.5011,45.7379],[-73.4835,45.7295],[-73.4823,45.7145],[-73.4876,45.7139]]]},"properties":{"csduid":"2460005","name":"Charlemagne","zone":"C","pop":6302,"jobs":860,"jobs_proxy":false,"clat":45.7248,"clon":-73.4894,"dist_cbd_km":25.64}},{"type":"Feature","geometry":{"type":"Polygon","coordinates":[[[-73.9877,45.4854],[-73.9979,45.4928],[-73.9528,45.5185],[-73.9487,45.5141],[-73.9526,45.5125],[-73.9594,45.502],[-73.9582,45.4985],[-73.9877,45.4854]]]},"properties":{"csduid":"2472020","name":"Pointe-Calumet","zone":"C","pop":6281,"jobs":305,"jobs_proxy":false,"clat":45.4976,"clon":-73.9753,"dist_cbd_km":31.71}},{"type":"Feature","geometry":{"type":"Polygon","coordinates":[[[-73.227,45.5403],[-73.2318,45.5351],[-73.2492,45.5472],[-73.2438,45.553],[-73.2318,45.5579],[-73.2151,45.5456],[-73.227,45.5403]]]},"properties":{"csduid":"2457025","name":"McMasterville","zone":"C","pop":5936,"jobs":1160,"jobs_proxy":false,"clat":45.5493,"clon":-73.2339,"dist_cbd_km":26.61}},{"type":"Feature","geometry":{"type":"MultiPolygon","coordinates":[[[[-73.3654,45.7748],[-73.3574,45.7794],[-73.3548,45.7774],[-73.3549,45.7792],[-73.3414,45.7849],[-73.3072,45.8125],[-73.2759,45.7901],[-73.2774,45.7885],[-73.2806,45.7907],[-73.2815,45.7842],[-73.2861,45.7801],[-73.2889,45.7821],[-73.2926,45.7798],[-73.2947,45.7813],[-73.3018,45.7749],[-73.2998,45.7733],[-73.303,45.7729],[-73.2963,45.768],[-73.3014,45.769],[-73.3012,45.7667],[-73.3094,45.7608],[-73.2997,45.7531],[-73.307,45.7484],[-73.3016,45.7415],[-73.2619,45.7111],[-73.2802,45.6957],[-73.2842,45.6986],[-73.3104,45.6826],[-73.394,45.749],[-73.3654,45.7748]]],[[[-73.3458,45.7922],[-73.3404,45.7962],[-73.3423,45.7936],[-73.3458,45.7922]]],[[[-73.3745,45.7788],[-73.3934,45.762],[-73.4048,45.7588],[-73.3925,45.7743],[-73.3783,45.7852],[-73.3818,45.7837],[-73.3781,45.7879],[-73.3717,45.7853],[-73.378,45.7848],[-73.3738,45.7844],[-73.3561,45.7903],[-73.3566,45.7876],[-73.3745,45.7788]]],[[[-73.4023,45.7568],[-73.4045,45.7581],[-73.3965,45.7608],[-73.3966,45.7587],[-73.4023,45.7568]]],[[[-73.4035,45.7546],[-73.4056,45.755],[-73.4093,45.7487],[-73.4146,45.746],[-73.4128,45.7526],[-73.4046,45.7577],[-73.4035,45.7546]]],[[[-73.4061,45.76],[-73.4051,45.7607],[-73.4058,45.7594],[-73.4061,45.76]]],[[[-73.4075,45.7589],[-73.4074,45.7589],[-73.4074,45.7587],[-73.4075,45.7589]]]]},"properties":{"csduid":"2459025","name":"Verchères","zone":"C","pop":5759,"jobs":995,"jobs_proxy":false,"clat":45.7694,"clon":-73.3532,"dist_cbd_km":34.23}},{"type":"Feature","geometry":{"type":"Polygon","coordinates":[[[-73.2097,45.3706],[-73.2173,45.3759],[-73.2214,45.3734],[-73.22,45.3621],[-73.2471,45.3815],[-73.2495,45.3805],[-73.2569,45.402],[-73.2434,45.4137],[-73.2452,45.4249],[-73.2494,45.4339],[-73.2597,45.445],[-73.2733,45.4507],[-73.2743,45.457],[-73.2684,45.4558],[-73.2676,45.4529],[-73.2551,45.4474],[-73.24,45.443],[-73.2365,45.4455],[-73.2453,45.4531],[-73.2252,45.4459],[-73.2243,45.4476],[-73.206,45.4431],[-73.202,45.4372],[-73.2051,45.4333],[-73.2022,45.4329],[-73.2031,45.4221],[-73.2111,45.4212],[-73.1965,45.4114],[-73.1928,45.4043],[-73.1985,45.4023],[-73.1994,45.3777],[-73.2097,45.3706]]]},"properties":{"csduid":"2455057","name":"Richelieu","zone":"C","pop":5742,"jobs":1775,"jobs_proxy":false,"clat":45.4327,"clon":-73.2428,"dist_cbd_km":26.5}},{"type":"Feature","geometry":{"type":"MultiPolygon","coordinates":[[[[-73.783,45.1897],[-73.7611,45.1732],[-73.7727,45.166],[-73.7951,45.1817],[-73.783,45.1897]]],[[[-73.7381,45.2588],[-73.7787,45.2309],[-73.7631,45.2191],[-73.7936,45.1971],[-73.8034,45.2047],[-73.8139,45.1977],[-73.8313,45.2099],[-73.8278,45.2128],[-73.8377,45.2186],[-73.8461,45.2096],[-73.8667,45.225],[-73.8592,45.2351],[-73.8514,45.2293],[-73.8205,45.274],[-73.8195,45.2776],[-73.8268,45.2786],[-73.8223,45.2833],[-73.8251,45.2861],[-73.8238,45.2895],[-73.8119,45.3064],[-73.8113,45.3137],[-73.7381,45.2588]]]]},"properties":{"csduid":"2470012","name":"Sainte-Martine","zone":"D","pop":5664,"jobs":2266,"jobs_proxy":true,"clat":45.2527,"clon":-73.7972,"dist_cbd_km":32.88}},{"type":"Feature","geometry":{"type":"MultiPolygon","coordinates":[[[[-74.1586,45.4439],[-74.1871,45.4519],[-74.1822,45.4571],[-74.2094,45.4641],[-74.2091,45.4665],[-74.22,45.4678],[-74.2156,45.4832],[-74.2049,45.4844],[-74.1975,45.4781],[-74.1871,45.4781],[-74.1839,45.4748],[-74.1645,45.4691],[-74.1581,45.4692],[-74.1459,45.4635],[-74.1397,45.4632],[-74.1407,45.4617],[-74.135,45.4616],[-74.132,45.4586],[-74.1225,45.4606],[-74.1244,45.4567],[-74.1069,45.4516],[-74.1075,45.4482],[-74.1031,45.443],[-74.0988,45.4444],[-74.0932,45.4402],[-74.091,45.4419],[-74.0853,45.4404],[-74.0742,45.442],[-74.0949,45.4313],[-74.1084,45.4302],[-74.1247,45.4355],[-74.1423,45.4472],[-74.1586,45.4439]]],[[[-74.1061,45.449],[-74.1061,45.4489],[-74.1062,45.4489],[-74.1061,45.449]]],[[[-74.122,45.4584],[-74.122,45.4583],[-74.1221,45.4583],[-74.122,45.4584]]],[[[-74.1942,45.4838],[-74.1924,45.4846],[-74.1927,45.4841],[-74.1939,45.4837],[-74.1942,45.4838]]],[[[-74.1956,45.479],[-74.1952,45.479],[-74.1954,45.4788],[-74.1956,45.479]]]]},"properties":{"csduid":"2471100","name":"Hudson","zone":"C","pop":5411,"jobs":920,"jobs_proxy":false,"clat":45.4543,"clon":-74.1476,"dist_cbd_km":45.46}},{"type":"Feature","geometry":{"type":"Polygon","coordinates":[[[-73.6484,45.4491],[-73.6682,45.4566],[-73.6595,45.4546],[-73.6581,45.456],[-73.6614,45.4573],[-73.6581,45.4595],[-73.6326,45.4497],[-73.6398,45.447],[-73.6484,45.4491]]]},"properties":{"csduid":"2466047","name":"Montréal-Ouest","zone":"A","pop":5115,"jobs":835,"jobs_proxy":false,"clat":45.4537,"clon":-73.6507,"dist_cbd_km":8.29}},{"type":"Feature","geometry":{"type":"MultiPolygon","coordinates":[[[[-73.9578,45.4059],[-73.9567,45.4096],[-73.9547,45.4078],[-73.9495,45.4142],[-73.9579,45.4265],[-73.9505,45.4338],[-73.9482,45.4326],[-73.9465,45.437],[-73.9412,45.4385],[-73.9352,45.4372],[-73.9061,45.4485],[-73.9011,45.4351],[-73.9316,45.4199],[-73.9339,45.4045],[-73.9434,45.4024],[-73.9578,45.4059]]],[[[-73.956,45.4039],[-73.9598,45.4055],[-73.9573,45.405],[-73.9517,45.4027],[-73.956,45.4039]]]]},"properties":{"csduid":"2466117","name":"Sainte-Anne-de-Bellevue","zone":"A","pop":5027,"jobs":3480,"jobs_proxy":false,"clat":45.4173,"clon":-73.9419,"dist_cbd_km":30.58}},{"type":"Feature","geometry":{"type":"Polygon","coordinates":[[[-73.2676,45.4529],[-73.2804,45.465],[-73.268,45.481],[-73.2653,45.4887],[-73.2433,45.514],[-73.2318,45.5351],[-73.1681,45.4904],[-73.1715,45.4861],[-73.1693,45.4769],[-73.1757,45.4714],[-73.1874,45.4753],[-73.1854,45.4731],[-73.1887,45.4708],[-73.1975,45.4721],[-73.1967,45.4644],[-73.2004,45.4617],[-73.1978,45.4607],[-73.2041,45.4544],[-73.1988,45.4517],[-73.2023,45.4443],[-73.2102,45.443],[-73.2243,45.4476],[-73.2252,45.4459],[-73.2453,45.4531],[-73.2365,45.4455],[-73.24,45.443],[-73.2676,45.4529]]]},"properties":{"csduid":"2455065","name":"Saint-Mathias-sur-Richelieu","zone":"C","pop":4544,"jobs":505,"jobs_proxy":false,"clat":45.4803,"clon":-73.2511,"dist_cbd_km":24.84}},{"type":"Feature","geometry":{"type":"Polygon","coordinates":[[[-73.4905,45.6326],[-73.5009,45.6231],[-73.4989,45.6229],[-73.5074,45.6107],[-73.5372,45.6159],[-73.5362,45.62],[-73.5676,45.6346],[-73.5447,45.6481],[-73.5207,45.6375],[-73.4905,45.6326]]]},"properties":{"csduid":"2466007","name":"Montréal-Est","zone":"A","pop":4394,"jobs":5475,"jobs_proxy":false,"clat":45.6287,"clon":-73.5038,"dist_cbd_km":15.08}},{"type":"Feature","geometry":{"type":"MultiPolygon","coordinates":[[[[-74.1197,45.4883],[-74.1263,45.4925],[-74.1317,45.4901],[-74.1324,45.4921],[-74.1266,45.4957],[-74.1288,45.4968],[-74.1265,45.5007],[-74.1368,45.4947],[-74.1337,45.5011],[-74.1404,45.5017],[-74.1404,45.5065],[-74.1434,45.5077],[-74.1446,45.5051],[-74.1544,45.5043],[-74.1565,45.4968],[-74.1745,45.4962],[-74.1692,45.5043],[-74.143,45.5218],[-74.1386,45.518],[-74.1414,45.5188],[-74.1425,45.5142],[-74.1378,45.5094],[-74.1323,45.5078],[-74.1367,45.5029],[-74.1325,45.5031],[-74.1303,45.5065],[-74.1243,45.5044],[-74.1233,45.4994],[-74.1218,45.5047],[-74.1136,45.5068],[-74.1064,45.5119],[-74.1136,45.5182],[-74.0912,45.5346],[-74.074,45.5219],[-74.0675,45.5265],[-74.084,45.539],[-74.0807,45.5412],[-74.0411,45.5131],[-74.0328,45.5192],[-73.988,45.4855],[-73.9929,45.4854],[-74.0,45.4826],[-74.0,45.4812],[-73.9859,45.4832],[-73.9854,45.481],[-73.9919,45.477],[-74.0024,45.4781],[-74.0118,45.4751],[-74.0293,45.4669],[-74.0381,45.4658],[-74.0494,45.4587],[-74.0549,45.4586],[-74.0624,45.4671],[-74.0657,45.4648],[-74.0848,45.462],[-74.0847,45.4611],[-74.0852,45.461],[-74.0872,45.4603],[-74.0885,45.4585],[-74.0909,45.4585],[-74.093,45.4615],[-74.0937,45.46],[-74.1054,45.4633],[-74.0973,45.469],[-74.1023,45.4712],[-74.0994,45.4737],[-74.0973,45.4744],[-74.097,45.4692],[-74.0935,45.47],[-74.0943,45.4728],[-74.0913,45.4745],[-74.093,45.4766],[-74.0954,45.4747],[-74.0967,45.476],[-74.094,45.4803],[-74.1048,45.4912],[-74.1067,45.49],[-74.1111,45.4925],[-74.1197,45.4883]],[[-74.0822,45.5165],[-74.0743,45.5111],[-74.0663,45.5164],[-74.074,45.5219],[-74.0822,45.5165]],[[-74.0865,45.4619],[-74.0866,45.4615],[-74.0852,45.461],[-74.0865,45.4619]],[[-74.091,45.4596],[-74.0908,45.4595],[-74.0906,45.4598],[-74.091,45.4596]],[[-74.0826,45.4649],[-74.082,45.4637],[-74.0815,45.4639],[-74.0826,45.4649]],[[-74.0864,45.4639],[-74.0868,45.4637],[-74.086,45.4627],[-74.0864,45.4639]],[[-74.0883,45.4602],[-74.088,45.4599],[-74.0883,45.4609],[-74.0883,45.4602]],[[-74.0918,45.4612],[-74.0916,45.4611],[-74.0913,45.4616],[-74.0918,45.4612]],[[-74.0932,45.4621],[-74.0926,45.4621],[-74.0925,45.4628],[-74.0932,45.4621]],[[-74.0984,45.4653],[-74.0991,45.4658],[-74.1005,45.464],[-74.0984,45.4653]]],[[[-74.0882,45.4587],[-74.0881,45.4587],[-74.0884,45.4585],[-74.0882,45.4587]]],[[[-74.105,45.4656],[-74.105,45.4646],[-74.1169,45.4659],[-74.116,45.4681],[-74.105,45.4656]]],[[[-74.1182,45.4693],[-74.1178,45.4713],[-74.1133,45.4706],[-74.1161,45.4702],[-74.1177,45.4665],[-74.1273,45.4715],[-74.1217,45.4764],[-74.119,45.475],[-74.1182,45.4693]]],[[[-74.1257,45.474],[-74.1283,45.4725],[-74.1321,45.4797],[-74.1362,45.4825],[-74.1303,45.4826],[-74.1257,45.474]]],[[[-74.121,45.5147],[-74.1257,45.5114],[-74.1413,45.5229],[-74.1364,45.5262],[-74.121,45.5147]]],[[[-74.1394,45.481],[-74.1385,45.4814],[-74.1383,45.4809],[-74.1394,45.481]]],[[[-74.1386,45.4913],[-74.1374,45.4939],[-74.1372,45.4938],[-74.1386,45.4913]]],[[[-74.1417,45.4947],[-74.1413,45.4945],[-74.1421,45.4935],[-74.1417,45.4947]]],[[[-74.1422,45.4954],[-74.1417,45.4961],[-74.1414,45.4959],[-74.1422,45.4954]]],[[[-74.1433,45.4946],[-74.1427,45.4954],[-74.1422,45.4951],[-74.1433,45.4946]]],[[[-74.1423,45.4963],[-74.1425,45.4961],[-74.1428,45.4963],[-74.1423,45.4963]]],[[[-74.176,45.4957],[-74.1753,45.4958],[-74.1764,45.4953],[-74.176,45.4957]]],[[[-74.1793,45.4939],[-74.1793,45.4938],[-74.1794,45.4938],[-74.1793,45.4939]]]]},"properties":{"csduid":"2472032","name":"Oka","zone":"C","pop":3968,"jobs":1025,"jobs_proxy":false,"clat":45.4814,"clon":-74.0813,"dist_cbd_km":40.04}},{"type":"Feature","geometry":{"type":"MultiPolygon","coordinates":[[[[-73.9004,45.4113],[-73.9074,45.4113],[-73.9189,45.4075],[-73.9228,45.403],[-73.9339,45.4045],[-73.9316,45.4199],[-73.9011,45.4351],[-73.8954,45.4142],[-73.9004,45.4113]]],[[[-73.9264,45.4029],[-73.9263,45.403],[-73.9263,45.4027],[-73.9264,45.4029]]],[[[-73.9287,45.4033],[-73.9286,45.4033],[-73.9289,45.4031],[-73.9287,45.4033]]]]},"properties":{"csduid":"2466112","name":"Baie-D'Urfé","zone":"A","pop":3764,"jobs":5110,"jobs_proxy":false,"clat":45.4142,"clon":-73.9147,"dist_cbd_km":28.68}},{"type":"Feature","geometry":{"type":"MultiPolygon","coordinates":[[[[-73.306,45.825],[-73.3525,45.7931],[-73.3674,45.7863],[-73.3764,45.7874],[-73.3623,45.8043],[-73.3601,45.8044],[-73.3566,45.8057],[-73.3476,45.8111],[-73.3475,45.8103],[-73.3423,45.8169],[-73.3215,45.8235],[-73.3041,45.8372],[-73.2922,45.8399],[-73.2848,45.8447],[-73.306,45.825]]],[[[-73.3278,45.8085],[-73.3222,45.8112],[-73.3237,45.81],[-73.3278,45.8085]]],[[[-73.416,45.7955],[-73.4054,45.8038],[-73.4021,45.8098],[-73.4092,45.8166],[-73.4011,45.8119],[-73.3983,45.8137],[-73.3951,45.8199],[-73.3978,45.8217],[-73.3868,45.8377],[-73.3944,45.845],[-73.3913,45.8471],[-73.3863,45.8434],[-73.3805,45.8444],[-73.3796,45.8473],[-73.3627,45.8556],[-73.3448,45.8713],[-73.312,45.8477],[-73.3257,45.8352],[-73.3637,45.8224],[-73.3797,45.7996],[-73.3946,45.7898],[-73.3993,45.7838],[-73.416,45.7955]]],[[[-73.3547,45.807],[-73.362,45.8047],[-73.3567,45.812],[-73.3427,45.8173],[-73.3547,45.807]]]]},"properties":{"csduid":"2460020","name":"Saint-Sulpice","zone":"C","pop":3360,"jobs":355,"jobs_proxy":false,"clat":45.8273,"clon":-73.3649,"dist_cbd_km":39.59}},{"type":"Feature","geometry":{"type":"Polygon","coordinates":[[[-73.2593,45.5644],[-73.2651,45.5584],[-73.2972,45.5808],[-73.2913,45.5862],[-73.2764,45.5933],[-73.2925,45.6051],[-73.2761,45.6276],[-73.2749,45.6265],[-73.2725,45.6331],[-73.2619,45.6388],[-73.276,45.6496],[-73.2682,45.6545],[-73.238,45.6319],[-73.23,45.6357],[-73.2142,45.6261],[-73.212,45.6321],[-73.2034,45.6259],[-73.2067,45.6013],[-73.2173,45.6066],[-73.2189,45.6034],[-73.2222,45.6057],[-73.2389,45.5773],[-73.2479,45.5694],[-73.2593,45.5644]]]},"properties":{"csduid":"2457045","name":"Saint-Mathieu-de-Beloeil","zone":"C","pop":2952,"jobs":1690,"jobs_proxy":false,"clat":45.5916,"clon":-73.2659,"dist_cbd_km":25.63}},{"type":"Feature","geometry":{"type":"Polygon","coordinates":[[[-73.1014,45.5821],[-73.0863,45.5765],[-73.0825,45.608],[-73.0489,45.6001],[-72.9978,45.6014],[-72.9978,45.5996],[-72.9915,45.5978],[-72.9979,45.5909],[-73.0015,45.5698],[-73.0511,45.568],[-73.0612,45.5381],[-73.1008,45.5681],[-73.104,45.5543],[-73.1201,45.5657],[-73.1206,45.562],[-73.1388,45.5744],[-73.1353,45.5898],[-73.1315,45.5876],[-73.1271,45.5886],[-73.1401,45.611],[-73.1318,45.632],[-73.0995,45.6112],[-73.1008,45.6071],[-73.1104,45.6039],[-73.1084,45.5927],[-73.0999,45.5934],[-73.1014,45.5821]]]},"properties":{"csduid":"2454030","name":"Sainte-Marie-Madeleine","zone":"D","pop":2876,"jobs":1150,"jobs_proxy":true,"clat":45.5868,"clon":-73.0902,"dist_cbd_km":38.45}},{"type":"Feature","geometry":{"type":"MultiPolygon","coordinates":[[[[-73.8327,45.3301],[-73.8287,45.3287],[-73.8212,45.3325],[-73.812,45.3406],[-73.8131,45.3433],[-73.809,45.3442],[-73.7944,45.3559],[-73.7921,45.3555],[-73.7879,45.3574],[-73.7935,45.3604],[-73.7878,45.3625],[-73.7831,45.3656],[-73.7807,45.3694],[-73.7732,45.3708],[-73.7699,45.368],[-73.7737,45.3632],[-73.7694,45.3571],[-73.7758,45.3539],[-73.7747,45.3487],[-73.784,45.3441],[-73.7813,45.3427],[-73.7869,45.3359],[-73.793,45.3371],[-73.7964,45.3299],[-73.8015,45.3293],[-73.8084,45.3222],[-73.8093,45.3153],[-73.8143,45.3159],[-73.8327,45.3301]]],[[[-73.791,45.3615],[-73.7912,45.3615],[-73.7911,45.3616],[-73.791,45.3615]]],[[[-73.7961,45.3561],[-73.7959,45.3562],[-73.7964,45.3554],[-73.7961,45.3561]]],[[[-73.8043,45.3661],[-73.8032,45.3669],[-73.8039,45.3659],[-73.8043,45.3661]]],[[[-73.8245,45.3582],[-73.825,45.3584],[-73.8227,45.3592],[-73.8245,45.3582]]],[[[-73.8249,45.3568],[-73.825,45.3566],[-73.8253,45.357],[-73.8249,45.3568]]],[[[-73.8126,45.3869],[-73.8127,45.3867],[-73.8129,45.3868],[-73.8126,45.3869]]],[[[-73.8254,45.3576],[-73.8248,45.3579],[-73.8248,45.3576],[-73.8254,45.3576]]],[[[-73.828,45.3573],[-73.8272,45.3575],[-73.827,45.3563],[-73.8295,45.3557],[-73.828,45.3573]]],[[[-73.8289,45.3551],[-73.8286,45.3551],[-73.8288,45.3547],[-73.8289,45.3551]]],[[[-73.8308,45.3548],[-73.8338,45.3532],[-73.8307,45.3557],[-73.8308,45.3548]]],[[[-73.8377,45.3411],[-73.8363,45.341],[-73.8384,45.3407],[-73.8377,45.3411]]],[[[-73.8408,45.3433],[-73.8444,45.3431],[-73.8413,45.3415],[-73.8416,45.3427],[-73.8407,45.343],[-73.8404,45.3411],[-73.844,45.3416],[-73.8416,45.34],[-73.8445,45.3395],[-73.8448,45.3434],[-73.8333,45.3526],[-73.8408,45.3433]]],[[[-73.8417,45.3394],[-73.8422,45.3395],[-73.8388,45.3397],[-73.8417,45.3394]]]]},"properties":{"csduid":"2467055","name":"Léry","zone":"C","pop":2390,"jobs":200,"jobs_proxy":false,"clat":45.3467,"clon":-73.8,"dist_cbd_km":24.91}},{"type":"Feature","geometry":{"type":"Polygon","coordinates":[[[-73.0863,45.5765],[-73.1014,45.5821],[-73.0997,45.5946],[-73.1084,45.5927],[-73.1104,45.6039],[-73.1008,45.6071],[-73.0992,45.6121],[-73.0825,45.608],[-73.0863,45.5765]]]},"properties":{"csduid":"2454025","name":"Sainte-Madeleine","zone":"D","pop":2268,"jobs":907,"jobs_proxy":true,"clat":45.5925,"clon":-73.0946,"dist_cbd_km":38.28}},{"type":"Feature","geometry":{"type":"MultiPolygon","coordinates":[[[[-73.9987,45.3869],[-73.9989,45.3892],[-73.9871,45.3964],[-73.9749,45.3909],[-73.9987,45.3869]]],[[[-73.9873,45.3969],[-73.9871,45.3971],[-73.987,45.3966],[-73.9873,45.3969]]]]},"properties":{"csduid":"2471075","name":"Terrasse-Vaudreuil","zone":"C","pop":1887,"jobs":165,"jobs_proxy":false,"clat":45.3907,"clon":-73.9871,"dist_cbd_km":34.88}},{"type":"Feature","geometry":{"type":"MultiPolygon","coordinates":[[[[-74.1718,45.5185],[-74.1793,45.5283],[-74.1859,45.5289],[-74.2078,45.5238],[-74.2125,45.5263],[-74.2284,45.5249],[-74.2276,45.5273],[-74.2329,45.5277],[-74.2336,45.5297],[-74.2433,45.5289],[-74.2467,45.5307],[-74.2541,45.5325],[-74.2784,45.5273],[-74.2748,45.5449],[-74.2674,45.5455],[-74.2672,45.5493],[-74.2629,45.5515],[-74.2491,45.554],[-74.2409,45.5518],[-74.2414,45.5493],[-74.2381,45.5487],[-74.1912,45.5793],[-74.1484,45.5489],[-74.1451,45.5512],[-74.1232,45.535],[-74.1692,45.5044],[-74.1718,45.5185]]],[[[-74.2199,45.5029],[-74.2193,45.503],[-74.2192,45.5028],[-74.2199,45.5029]]],[[[-74.2404,45.5124],[-74.2394,45.5124],[-74.2404,45.512],[-74.2404,45.5124]]],[[[-74.2437,45.5118],[-74.244,45.5122],[-74.2423,45.5124],[-74.2437,45.5118]]],[[[-74.2446,45.5293],[-74.2444,45.5293],[-74.2447,45.5291],[-74.2446,45.5293]]]]},"properties":{"csduid":"2472043","name":"Saint-Placide","zone":"D","pop":1784,"jobs":325,"jobs_proxy":false,"clat":45.5322,"clon":-74.2025,"dist_cbd_km":49.53}},{"type":"Feature","geometry":{"type":"MultiPolygon","coordinates":[[[[-73.9547,45.4078],[-73.9584,45.4089],[-73.9657,45.4144],[-73.9647,45.4178],[-73.9685,45.4178],[-73.9687,45.4194],[-73.9712,45.421],[-73.9701,45.424],[-73.9747,45.4257],[-73.9749,45.4298],[-73.9725,45.4368],[-73.9673,45.4392],[-73.9676,45.4426],[-73.966,45.4413],[-73.9584,45.4432],[-73.9604,45.4461],[-73.9519,45.4455],[-73.9496,45.4475],[-73.9518,45.4488],[-73.9481,45.4506],[-73.9414,45.4487],[-73.9371,45.4506],[-73.9254,45.4412],[-73.9352,45.4372],[-73.9412,45.4385],[-73.9465,45.437],[-73.9482,45.4326],[-73.9505,45.4338],[-73.9579,45.4265],[-73.9498,45.417],[-73.9547,45.4078]]],[[[-73.9654,45.4123],[-73.9654,45.4125],[-73.9652,45.412],[-73.9654,45.4123]]],[[[-73.9683,45.4143],[-73.9668,45.4147],[-73.9685,45.4135],[-73.9683,45.4143]]],[[[-73.969,45.4177],[-73.9693,45.4177],[-73.9698,45.4182],[-73.9692,45.4189],[-73.969,45.4177]]],[[[-73.9703,45.4188],[-73.9707,45.4193],[-73.9701,45.4193],[-73.9703,45.4188]]],[[[-73.972,45.4193],[-73.9711,45.4193],[-73.9714,45.4191],[-73.972,45.4193]]],[[[-73.9713,45.4209],[-73.9763,45.4201],[-73.9748,45.4225],[-73.9713,45.4209]]],[[[-73.9756,45.4241],[-73.9751,45.4242],[-73.9757,45.4239],[-73.9756,45.4241]]]]},"properties":{"csduid":"2466127","name":"Senneville","zone":"A","pop":951,"jobs":970,"jobs_proxy":false,"clat":45.4186,"clon":-73.9591,"dist_cbd_km":31.81}},{"type":"Feature","geometry":{"type":"Polygon","coordinates":[[[-73.7397,45.4306],[-73.7464,45.4322],[-73.7443,45.4339],[-73.737,45.4333],[-73.7397,45.4306]]]},"properties":{"csduid":"2466092","name":"L'Île-Dorval","zone":"A","pop":30,"jobs":0,"jobs_proxy":false,"clat":45.4315,"clon":-73.7422,"dist_cbd_km":15.6}},{"type":"Feature","geometry":{"type":"MultiPolygon","coordinates":[[[[-73.6252,45.4027],[-73.6376,45.403],[-73.6513,45.4069],[-73.6712,45.4159],[-73.6843,45.4176],[-73.691,45.4168],[-73.7176,45.4093],[-73.7204,45.4087],[-73.7207,45.4092],[-73.6907,45.4171],[-73.6834,45.4178],[-73.6563,45.4139],[-73.6545,45.4125],[-73.6564,45.4101],[-73.6385,45.4038],[-73.6003,45.4093],[-73.6045,45.4062],[-73.6252,45.4027]]],[[[-73.6119,45.3848],[-73.6162,45.3858],[-73.6261,45.3695],[-73.6419,45.3599],[-73.6461,45.3541],[-73.6606,45.3513],[-73.6625,45.3492],[-73.6701,45.3509],[-73.6744,45.3448],[-73.6785,45.3455],[-73.7525,45.3998],[-73.7453,45.3997],[-73.737,45.4029],[-73.7289,45.4],[-73.7295,45.3966],[-73.7274,45.3981],[-73.727,45.3963],[-73.7245,45.3985],[-73.72,45.3985],[-73.7147,45.4059],[-73.7045,45.4062],[-73.6995,45.4091],[-73.698,45.4079],[-73.6861,45.4135],[-73.6858,45.4165],[-73.6793,45.4163],[-73.639,45.4021],[-73.6249,45.4017],[-73.6022,45.4056],[-73.6119,45.3848]]],[[[-73.7063,45.409],[-73.7108,45.41],[-73.6864,45.4165],[-73.6875,45.4142],[-73.7063,45.409]]],[[[-73.7274,45.4003],[-73.7264,45.4001],[-73.7265,45.4],[-73.7274,45.4003]]],[[[-73.7425,45.4081],[-73.7412,45.409],[-73.7404,45.408],[-73.7425,45.4081]]]]},"properties":{"csduid":"2467802","name":"Kahnawake","zone":"C","pop":0,"jobs":0,"jobs_proxy":false,"clat":45.4063,"clon":-73.6718,"dist_cbd_km":13.26}}]}